,,reaction_id,smiles,reaction_core,activation_energy
0,0,0,[C:1]1([H:29])=[C:2]([H:30])[N:3]([c:4]2[c:5]([H:31])[c:6]([H:32])[c:7]([O:8][c:9]3[c:10]([H:33])[c:11]([O:12][c:13]4[c:14]([H:34])[c:15]([H:35])[c:16]5[c:17]([c:18]4[H:36])[O:19][C:20]([H:37])([H:38])[O:21]5)[n:22][c:23]([H:39])[n:24]3)[c:25]([H:40])[c:26]2[H:41])[C:27]([H:42])=[N:28]1,"[[1,2,3,4,5,6,7,8,9,10,11,12,13,14,15,16,17,18,19,20,21,22,23,24,25,26,27,28,29,30,31,32,33,34,35,36,37,38,39,40,41,42]]",13.0
1,1,1,[C:1](#[C:2][c:3]1[c:4]([H:31])[c:5]([H:32])[c:6]([H:33])[c:7]([N:8]([c:9]2[n:10][c:11]([H:35])[n:12][c:13]3[c:14]([H:36])[c:15]([O:16][C:17]([C:18]([O:19][C:20]([H:41])([H:42])[H:43])([H:39])[H:40])([H:37])[H:38])[c:21]([O:22][C:23]([C:24]([O:25][C:26]([H:48])([H:49])[H:50])([H:46])[H:47])([H:44])[H:45])[c:27]([H:51])[c:28]23)[H:34])[c:29]1[H:52])[H:30],"[[1,2,3,4,5,6,7,8,9,10,11,12,13,14,15,16,17,18,19,20,21,22,23,24,25,26,27,28,29,30,31,32,33,34,35,36,37,38,39,40,41,42,43,44,45,46,47,48,49,50,51,52]]",18.62
2,2,2,[C:1]([C:2]([N:3]([C:4]([C:5]([O:6][H:34])([c:7]1[c:8]([H:35])[c:9]([H:36])[c:10]([N+:11](=[O:12])[O-:13])[c:14]([H:37])[c:15]1[H:38])[H:33])([H:31])[H:32])[H:30])([C:16]12[C:17]([H:39])([H:40])[C:18]3([H:41])[C:19]([H:42])([H:43])[C:20]([H:44])([C:21]([H:45])([H:46])[C:22]([H:47])([C:23]3([H:48])[H:49])[C:24]1([H:50])[H:51])[C:25]2([H:52])[H:53])[H:29])([H:26])([H:27])[H:28],"[[1,2,3,4,5,6,7,8,9,10,11,12,13,14,15,16,17,18,19,20,21,22,23,24,25,26,27,28,29,30,31,32,33,34,35,36,37,38,39,40,41,42,43,44,45,46,47,48,49,50,51,52,53]]",30.5
3,3,3,[C:1]([c:2]1[c:3]([H:28])[c:4]([H:29])[c:5]2[c:6]([c:7]1[H:30])[C:8]([S+:9]([O-:10])[c:11]1[c:12]([H:31])[c:13]([H:32])[c:14]([Cl:15])[c:16]([H:33])[c:17]1[H:34])=[C:18]([C:19]([H:35])([H:36])[H:37])[N:20]2[C:21]([C:22](=[O:23])[O:24][H:40])([H:38])[H:39])([H:25])([H:26])[H:27],"[[1,2,3,4,5,6,7,8,9,10,11,12,13,14,15,16,17,18,19,20,21,22,23,24,25,26,27,28,29,30,31,32,33,34,35,36,37,38,39,40]]",3.0
4,4,4,[O:1]=[C:2]([N:3]([c:4]1[c:5]([H:20])[c:6]([H:21])[c:7]([F:8])[c:9]([H:22])[c:10]1[H:23])[H:19])[c:11]1[c:12]([H:24])[c:13]([H:25])[c:14]([Cl:15])[n+:16]([O-:17])[c:18]1[H:26],"[[1,2,3,4,5,6,7,8,9,10,11,12,13,14,15,16,17,18,19,20,21,22,23,24,25,26]]",3.0
5,5,5,[C:1]([C:2]1([H:28])[S:3][C:4]2=[C:5]([C:6](=[O:7])[O:8][H:29])[C:9](=[O:10])[c:11]3[c:12]([H:30])[c:13]([F:14])[c:15]([N:16]4[C:17]([H:31])([H:32])[C:18]([H:33])([H:34])[N:19]([H:35])[C:20]([H:36])([H:37])[C:21]4([H:38])[H:39])[c:22]([H:40])[c:23]3[N:24]12)([H:25])([H:26])[H:27],"[[1,2,3,4,5,6,7,8,9,10,11,12,13,14,15,16,17,18,19,20,21,22,23,24,25,26,27,28,29,30,31,32,33,34,35,36,37,38,39,40]]",13.8
6,6,6,[C:1]([O:2][c:3]1[c:4]([H:23])[c:5]([H:24])[n:6][c:7]([C:8]([C:9]([C:10]2=[N:11][c:12]3[c:13]([H:29])[c:14]([H:30])[c:15]([H:31])[n:16][c:17]3[N:18]2[H:32])([H:27])[H:28])([H:25])[H:26])[c:19]1[H:33])([H:20])([H:21])[H:22],"[[1,2,3,4,5,6,7,8,9,10,11,12,13,14,15,16,17,18,19,20,21,22,23,24,25,26,27,28,29,30,31,32,33]]",3.0
7,7,7,[C:1]([O:2][c:3]1[c:4]([H:24])[c:5]([H:25])[n:6][c:7]([C:8]([C:9]([C:10]2=[N:11][c:12]3[c:13]([C:14]([H:30])([H:31])[H:32])[c:15]([H:33])[c:16]([H:34])[n:17][c:18]3[N:19]2[H:35])([H:28])[H:29])([H:26])[H:27])[c:20]1[H:36])([H:21])([H:22])[H:23],"[[1,2,3,4,5,6,7,8,9,10,11,12,13,14,15,16,17,18,19,20,21,22,23,24,25,26,27,28,29,30,31,32,33,34,35,36]]",3.0
8,8,8,[C:1]([O:2][c:3]1[c:4]([H:24])[c:5]([H:25])[n:6][c:7]([C:8]([C:9]([C:10]2=[N:11][c:12]3[c:13]([H:30])[c:14]([Br:15])[c:16]([H:31])[n:17][c:18]3[N:19]2[H:32])([H:28])[H:29])([H:26])[H:27])[c:20]1[H:33])([H:21])([H:22])[H:23],"[[1,2,3,4,5,6,7,8,9,10,11,12,13,14,15,16,17,18,19,20,21,22,23,24,25,26,27,28,29,30,31,32,33]]",23.5
9,9,9,[C:1]([C:2]([C:3]([H:25])([H:26])[H:27])([C:4]([C@:5]([N:6]([C:7](=[O:8])[N:9]1[C:10]([H:32])([H:33])[C:11]([H:34])([H:35])[O:12][C:13]([H:36])([H:37])[C:14]1([H:38])[H:39])[H:31])([C:15](=[O:16])[N:17]([C:18]([C:19]#[N:20])([H:41])[H:42])[H:40])[H:30])([H:28])[H:29])[H:24])([H:21])([H:22])[H:23],"[[1,2,3,4,5,6,7,8,9,10,11,12,13,14,15,16,17,18,19,20,21,22,23,24,25,26,27,28,29,30,31,32,33,34,35,36,37,38,39,40,41,42]]",3.0
10,10,10,[C:1]([C:2]([N:3]1[N:4]=[C:5]([C:6](=[O:7])[O:8][H:25])[C:9](=[O:10])[c:11]2[c:12]([H:26])[c:13]3[c:14]([c:15]([H:27])[c:16]21)[O:17][C:18]([H:28])([H:29])[O:19]3)([H:23])[H:24])([H:20])([H:21])[H:22],"[[1,2,3,4,5,6,7,8,9,10,11,12,13,14,15,16,17,18,19,20,21,22,23,24,25,26,27,28,29]]",3.0
11,11,11,[C:1]([c:2]1[c:3]([H:30])[c:4]([H:31])[c:5]([C:6](=[O:7])[N:8]([C:9]2([H:33])[C:10]([H:34])([H:35])[C:11]2([H:36])[H:37])[H:32])[c:12]([H:38])[c:13]1-[c:14]1[c:15]([H:39])[c:16]([H:40])[c:17]([C:18](=[O:19])[N:20]([C:21]([C:22]2([H:44])[C:23]([H:45])([H:46])[C:24]2([H:47])[H:48])([H:42])[H:43])[H:41])[n:25][c:26]1[H:49])([H:27])([H:28])[H:29],"[[1,2,3,4,5,6,7,8,9,10,11,12,13,14,15,16,17,18,19,20,21,22,23,24,25,26,27,28,29,30,31,32,33,34,35,36,37,38,39,40,41,42,43,44,45,46,47,48,49]]",3.0
12,12,12,[C:1]([C:2]([C:3](=[O:4])[O:5][H:23])([c:6]1[c:7]([H:24])[c:8]([H:25])[c:9]([H:26])[c:10]([O:11][c:12]2[c:13]([H:27])[c:14]([H:28])[c:15]([H:29])[c:16]([H:30])[c:17]2[H:31])[c:18]1[H:32])[H:22])([H:19])([H:20])[H:21],"[[1,2,3,4,5,6,7,8,9,10,11,12,13,14,15,16,17,18,19,20,21,22,23,24,25,26,27,28,29,30,31,32]]",10.23
13,13,13,[C:1]([C:2]([C:3]([C:4]([N:5]([c:6]1[c:7]([H:36])[c:8]([C:9](=[O:10])[O:11][H:37])[c:12]([H:38])[c:13]([S:14]([N:15]([H:39])[H:40])(=[O:16])=[O:17])[c:18]1[O:19][c:20]1[c:21]([H:41])[c:22]([H:42])[c:23]([H:43])[c:24]([H:44])[c:25]1[H:45])[H:35])([H:33])[H:34])([H:31])[H:32])([H:29])[H:30])([H:26])([H:27])[H:28],"[[1,2,3,4,5,6,7,8,9,10,11,12,13,14,15,16,17,18,19,20,21,22,23,24,25,26,27,28,29,30,31,32,33,34,35,36,37,38,39,40,41,42,43,44,45]]",4.0
14,14,14,[N:1]([c:2]1[n:3][c:4]([N:5]([c:6]2[c:7]([H:23])[c:8]([H:24])[c:9]([F:10])[c:11]([Cl:12])[c:13]2[H:25])[H:22])[c:14]2[c:18]([n:19]1)[N:17]([H:27])[C:16]([H:26])=[N:15]2)([H:20])[H:21],"[[1,2,3,4,5,6,7,8,9,10,11,12,13,14,15,16,17,18,19,20,21,22,23,24,25,26,27]]",15.0
15,15,15,[N:1]([c:2]1[n:3][c:4]([N:5]([c:6]2[c:7]([H:22])[c:8]([H:23])[c:9]([H:24])[c:10]([Br:11])[c:12]2[H:25])[H:21])[c:13]2[c:17]([n:18]1)[N:16]([H:27])[C:15]([H:26])=[N:14]2)([H:19])[H:20],"[[1,2,3,4,5,6,7,8,9,10,11,12,13,14,15,16,17,18,19,20,21,22,23,24,25,26,27]]",16.0
16,16,16,[C:1]([C@@:2]([C:3](=[O:4])[O:5][C@@:6]1([H:41])[C:7]([H:42])([H:43])[N+:8]2([C:9]([C:10]([C:11]([c:12]3[c:13]([H:50])[c:14]([H:51])[c:15]4[c:19]([c:20]3[H:53])[S:18][C:17]([H:52])=[N:16]4)([H:48])[H:49])([H:46])[H:47])([H:44])[H:45])[C:21]([H:54])([H:55])[C:22]([H:56])([H:57])[C:23]1([H:58])[C:24]([H:59])([H:60])[C:25]2([H:61])[H:62])([c:26]1[c:27]([H:63])[c:28]([H:64])[c:29]([H:65])[c:30]([H:66])[c:31]1[H:67])[N:32]1[C:33]([H:68])([H:69])[C:34]([H:70])([H:71])[C:35]([H:72])([H:73])[C:36]([H:74])([H:75])[C:37]1([H:76])[H:77])([H:38])([H:39])[H:40],"[[1,2,3,4,5,6,7,8,9,10,11,12,13,14,15,16,17,18,19,20,21,22,23,24,25,26,27,28,29,30,31,32,33,34,35,36,37,38,39,40,41,42,43,44,45,46,47,48,49,50,51,52,53,54,55,56,57,58,59,60,61,62,63,64,65,66,67,68,69,70,71,72,73,74,75,76,77]]",38.0
17,17,17,[N:1]([C:2]1=[N:3][N:4]=[C:5]([C:6]([C:7]([S:8][C:9]([C:10]([C:11]2=[N:12][N:13]=[C:14]([N:15]([C:16](=[O:17])[C:18]([c:19]3[c:20]([H:40])[c:21]([H:41])[c:22]([H:42])[c:23]([H:43])[c:24]3[H:44])([H:38])[H:39])[H:37])[S:25]2)([H:35])[H:36])([H:33])[H:34])([H:31])[H:32])([H:29])[H:30])[S:26]1)([H:27])[H:28],"[[1,2,3,4,5,6,7,8,9,10,11,12,13,14,15,16,17,18,19,20,21,22,23,24,25,26,27,28,29,30,31,32,33,34,35,36,37,38,39,40,41,42,43,44]]",54.95
18,18,18,[O:1]=[S:2]1(=[O:3])[C:4]([H:21])([H:22])[C:5]([O:6][H:24])([H:23])[C:7]([N:8]2[C:9]([H:26])([H:27])[C:10]([H:28])([H:29])[C:11]([c:12]3[c:13]([H:31])[c:14]([H:32])[c:15]([H:33])[c:16]([H:34])[c:17]3[H:35])([H:30])[C:18]([H:36])([H:37])[C:19]2([H:38])[H:39])([H:25])[C:20]1([H:40])[H:41],"[[1,2,3,4,5,6,7,8,9,10,11,12,13,14,15,16,17,18,19,20,21,22,23,24,25,26,27,28,29,30,31,32,33,34,35,36,37,38,39,40,41]]",5.25
19,19,19,[C:1]([C:2]([C:3]([H:36])([H:37])[H:38])([C:4]([N:5]1[C:6](=[O:7])[N:8]([C:9]([H:41])([H:42])[H:43])[C:10](=[O:11])[C:12]2=[C:31]1[S:30][C:18]([C:19]([c:20]1[c:21]([H:53])[c:22]([H:54])[c:23]([H:55])[c:24]([H:56])[c:25]1[C:26]([F:27])([F:28])[F:29])([H:51])[H:52])=[C:13]2[S:14][C:15]([C:16]([H:45])([H:46])[H:47])([C:17]([H:48])([H:49])[H:50])[H:44])([H:39])[H:40])[H:35])([H:32])([H:33])[H:34],"[[1,2,3,4,5,6,7,8,9,10,11,12,13,14,15,16,17,18,19,20,21,22,23,24,25,26,27,28,29,30,31,32,33,34,35,36,37,38,39,40,41,42,43,44,45,46,47,48,49,50,51,52,53,54,55,56]]",6.67
20,20,20,[C:1]([c:2]1[c:3]([H:35])[c:4]([H:36])[c:5]([S:6](=[O:7])(=[O:8])[N:9]([C:10]2=[C:11]([C:12](=[O:13])[N:14]([C@@:15]([C:16]([H:40])([H:41])[H:42])([C:17]([C:18]([H:43])([H:44])[H:45])([C:19]([H:46])([H:47])[H:48])[C:20]([H:49])([H:50])[H:51])[H:39])[H:38])[C:21]([C:22]([H:52])([H:53])[H:54])=[N:23][N:24]2[C:25]2([H:55])[C:26]([H:56])([H:57])[C:27]([H:58])([H:59])[C:28]([H:60])([H:61])[C:29]2([H:62])[H:63])[H:37])[c:30]([H:64])[c:31]1[H:65])([H:32])([H:33])[H:34],"[[1,2,3,4,5,6,7,8,9,10,11,12,13,14,15,16,17,18,19,20,21,22,23,24,25,26,27,28,29,30,31,32,33,34,35,36,37,38,39,40,41,42,43,44,45,46,47,48,49,50,51,52,53,54,55,56,57,58,59,60,61,62,63,64,65]]",21.0
21,21,21,[C:1]([N:2]([C:3]([C:4]([C:5]([O:6][C:7]([C:8]([O:9][C:10]([C:11]([c:12]1[c:13]([H:48])[c:14]([H:49])[c:15]([H:50])[c:16]([H:51])[c:17]1[H:52])([H:46])[H:47])([H:44])[H:45])([H:42])[H:43])([H:40])[H:41])([H:38])[H:39])([H:36])[H:37])([H:34])[H:35])[C:18]([C:19]([c:20]1[c:21]([H:57])[c:22]([H:58])[c:23]([O:24][H:59])[c:25]2[c:30]1[S:29][C:27]([O:28][H:60])=[N:26]2)([H:55])[H:56])([H:53])[H:54])([H:31])([H:32])[H:33],"[[1,2,3,4,5,6,7,8,9,10,11,12,13,14,15,16,17,18,19,20,21,22,23,24,25,26,27,28,29,30,31,32,33,34,35,36,37,38,39,40,41,42,43,44,45,46,47,48,49,50,51,52,53,54,55,56,57,58,59,60]]",35.0
22,22,22,[O:1]([C:2]1=[N:3][c:4]2[c:5]([O:6][H:31])[c:7]([H:32])[c:8]([H:33])[c:9]([C:10]([C:11]([N:12]([C:13]([C:14]([C:15]([O:16][C:17]([C:18]([O:19][C:20]([C:21]([c:22]3[c:23]([H:53])[c:24]([H:54])[c:25]([H:55])[c:26]([H:56])[c:27]3[H:57])([H:51])[H:52])([H:49])[H:50])([H:47])[H:48])([H:45])[H:46])([H:43])[H:44])([H:41])[H:42])([H:39])[H:40])[H:38])([H:36])[H:37])([H:34])[H:35])[c:28]2[S:29]1)[H:30],"[[1,2,3,4,5,6,7,8,9,10,11,12,13,14,15,16,17,18,19,20,21,22,23,24,25,26,27,28,29,30,31,32,33,34,35,36,37,38,39,40,41,42,43,44,45,46,47,48,49,50,51,52,53,54,55,56,57]]",21.0
23,23,23,[O:1]=[C:2]([O:3][H:27])[C:4]([C:5]([c:6]1[c:7]([H:32])[c:8]([H:33])[c:9]([O:10][C:11]([c:12]2[c:13]([H:36])[c:14]([Cl:15])[c:16]([H:37])[c:17]([H:38])[c:18]2-[c:19]2[c:20]([H:39])[c:21]([H:40])[c:22]([H:41])[c:23]([H:42])[c:24]2[H:43])([H:34])[H:35])[c:25]([H:44])[c:26]1[H:45])([H:30])[H:31])([H:28])[H:29],"[[1,2,3,4,5,6,7,8,9,10,11,12,13,14,15,16,17,18,19,20,21,22,23,24,25,26,27,28,29,30,31,32,33,34,35,36,37,38,39,40,41,42,43,44,45]]",3.0
24,24,24,[N:1]([c:2]1[n:3][c:4]([H:36])[n:5][c:6]2[c:7]1[N:8]=[C:9]([H:37])[N:10]2[C@:11]1([H:38])[O:12][C@@:13]([C:14]([S:15][C:16]([C:17]([C:18]([N:19]([C:20](=[O:21])[N:22]([C:23]([c:24]2[c:25]([H:52])[c:26]([H:53])[c:27]([H:54])[c:28]([H:55])[c:29]2[H:56])([H:50])[H:51])[H:49])[H:48])([H:46])[H:47])([H:44])[H:45])([H:42])[H:43])([H:40])[H:41])([H:39])[C@:30]([O:31][H:58])([H:57])[C@:32]1([O:33][H:60])[H:59])([H:34])[H:35],"[[1,2,3,4,5,6,7,8,9,10,11,12,13,14,15,16,17,18,19,20,21,22,23,24,25,26,27,28,29,30,31,32,33,34,35,36,37,38,39,40,41,42,43,44,45,46,47,48,49,50,51,52,53,54,55,56,57,58,59,60]]",21.38
25,25,25,[C:1]([O:2][c:3]1[c:4]([H:22])[c:5]([H:23])[c:6](-[c:7]2[c:8]([H:24])[c:9]([H:25])[c:10]3[c:15]([c:16]2[H:28])[S:14][C:12]([N:13]([H:26])[H:27])=[N:11]3)[c:17]([H:29])[n:18]1)([H:19])([H:20])[H:21],"[[1,2,3,4,5,6,7,8,9,10,11,12,13,14,15,16,17,18,19,20,21,22,23,24,25,26,27,28,29]]",7.76
26,26,26,[C:1]([C@:2]([N:3]([C:4](=[O:5])[C@@:6]([C:7]([C:8]1=[C:9]([H:73])[N:10]([H:74])[c:11]2[c:12]([H:75])[c:13]([H:76])[c:14]([H:77])[c:15]([H:78])[c:16]21)([H:71])[H:72])([N:17]([C:18](=[O:19])[C@@:20]([N:21]([H:81])[H:82])([C:22]([C:23]1=[C:24]([H:85])[N:25]([H:86])[C:26]([H:87])=[N:27]1)([H:83])[H:84])[H:80])[H:79])[H:70])[H:69])([C:28](=[O:29])[N:30]([C@@:31]([C:32]([C:33]1=[C:34]([H:92])[N:35]([H:93])[c:36]2[c:37]([H:94])[c:38]([H:95])[c:39]([H:96])[c:40]([H:97])[c:41]21)([H:90])[H:91])([C:42](=[O:43])[N:44]([C@:45]([C:46]([c:47]1[c:48]([H:102])[c:49]([H:103])[c:50]([H:104])[c:51]([H:105])[c:52]1[H:106])([H:100])[H:101])([C:53](=[O:54])[N:55]([C@@:56]([C:57]([C:58]([C:59]([C:60]([N:61]([H:117])[H:118])([H:115])[H:116])([H:113])[H:114])([H:111])[H:112])([H:109])[H:110])([C:62]([N:63]([H:119])[H:120])=[O:64])[H:108])[H:107])[H:99])[H:98])[H:89])[H:88])[H:68])([H:65])([H:66])[H:67],"[[1,2,3,4,5,6,7,8,9,10,11,12,13,14,15,16,17,18,19,20,21,22,23,24,25,26,27,28,29,30,31,32,33,34,35,36,37,38,39,40,41,42,43,44,45,46,47,48,49,50,51,52,53,54,55,56,57,58,59,60,61,62,63,64,65,66,67,68,69,70,71,72,73,74,75,76,77,78,79,80,81,82,83,84,85,86,87,88,89,90,91,92,93,94,95,96,97,98,99,100,101,102,103,104,105,106,107,108,109,110,111,112,113,114,115,116,117,118,119,120]]",61.66
27,27,27,[C:1](=[C:2]([C:3](=[O:4])[N:5]([c:6]1[c:7]([H:50])[c:8]([H:51])[c:9]([H:52])[c:10]([C:11]([N:12]2[C:13](=[O:14])[N:15]([c:16]3[c:17]([Cl:18])[c:19]([O:20][C:21]([H:55])([H:56])[H:57])[c:22]([H:58])[c:23]([O:24][C:25]([H:59])([H:60])[H:61])[c:26]3[Cl:27])[C:28]([H:62])([H:63])[c:29]3[c:30]([H:64])[n:31][c:32]([N:33]([C:34]([C:35]([C:36]([C:37]([N:38]([C:39]([C:40]([H:76])([H:77])[H:78])([H:74])[H:75])[C:41]([C:42]([H:81])([H:82])[H:83])([H:79])[H:80])([H:72])[H:73])([H:70])[H:71])([H:68])[H:69])([H:66])[H:67])[H:65])[n:43][c:44]32)([H:53])[H:54])[c:45]1[H:84])[H:49])[H:48])([H:46])[H:47],"[[1,2,3,4,5,6,7,8,9,10,11,12,13,14,15,16,17,18,19,20,21,22,23,24,25,26,27,28,29,30,31,32,33,34,35,36,37,38,39,40,41,42,43,44,45,46,47,48,49,50,51,52,53,54,55,56,57,58,59,60,61,62,63,64,65,66,67,68,69,70,71,72,73,74,75,76,77,78,79,80,81,82,83,84]]",87.1
28,28,28,[O:1]=[C:2]1[N:3]([H:35])[c:4]2[c:5]([O:6][H:36])[c:7]([H:37])[c:8]([H:38])[c:9]([C@@:10]([O:11][H:40])([C:12]([N:13]([C:14]([C:15]([c:16]3[c:17]([H:48])[c:18]([H:49])[c:19]([H:50])[c:20]([C:21]([N:22]([C:23]([C:24]([C:25]([c:26]4[c:27]([H:60])[c:28]([H:61])[c:29]([H:62])[c:30]([H:63])[c:31]4[H:64])([H:58])[H:59])([H:56])[H:57])([H:54])[H:55])[H:53])([H:51])[H:52])[c:32]3[H:65])([H:46])[H:47])([H:44])[H:45])[H:43])([H:41])[H:42])[H:39])[c:33]2[S:34]1,"[[1,2,3,4,5,6,7,8,9,10,11,12,13,14,15,16,17,18,19,20,21,22,23,24,25,26,27,28,29,30,31,32,33,34,35,36,37,38,39,40,41,42,43,44,45,46,47,48,49,50,51,52,53,54,55,56,57,58,59,60,61,62,63,64,65]]",9.0
29,29,29,[C:1]([c:2]1[c:3]([H:43])[c:4]([H:44])[c:5]([N:6]2[N:7]=[C:8]([C:9]([C:10]([H:45])([H:46])[H:47])([C:11]([H:48])([H:49])[H:50])[C:12]([H:51])([H:52])[H:53])[C:13]([H:54])=[C:14]2[N:15]([C:16](=[O:17])[N:18]([c:19]2[c:20]([H:57])[c:21]([H:58])[c:22]([O:23][C:24]([C:25]([N:26]3[C:27]([H:63])([H:64])[C:28]([H:65])([H:66])[O:29][C:30]([H:67])([H:68])[C:31]3([H:69])[H:70])([H:61])[H:62])([H:59])[H:60])[c:32]3[c:33]([H:71])[c:34]([H:72])[c:35]([H:73])[c:36]([H:74])[c:37]23)[H:56])[H:55])[c:38]([H:75])[c:39]1[H:76])([H:40])([H:41])[H:42],"[[1,2,3,4,5,6,7,8,9,10,11,12,13,14,15,16,17,18,19,20,21,22,23,24,25,26,27,28,29,30,31,32,33,34,35,36,37,38,39,40,41,42,43,44,45,46,47,48,49,50,51,52,53,54,55,56,57,58,59,60,61,62,63,64,65,66,67,68,69,70,71,72,73,74,75,76]]",124.0
30,30,30,[O:1]=[C:2]([C@@:3]1([H:35])[C:4]([H:36])([H:37])[C:5]([H:38])([H:39])[C:6]([H:40])([H:41])[C:7]([H:42])([H:43])[N:8]1[H:44])[N:9]1[C:10]([H:45])([H:46])[C:11]([H:47])([H:48])[N:12]([c:13]2[n:14][c:15]([N:16]([C:17]([c:18]3[c:19]([H:52])[c:20]([H:53])[c:21]([Cl:22])[c:23]([H:54])[c:24]3[Cl:25])([H:50])[H:51])[H:49])[c:26]3[c:27]([H:55])[c:28]([H:56])[c:29]([H:57])[n:30][c:31]3[n:32]2)[C:33]([H:58])([H:59])[C:34]1([H:60])[H:61],"[[1,2,3,4,5,6,7,8,9,10,11,12,13,14,15,16,17,18,19,20,21,22,23,24,25,26,27,28,29,30,31,32,33,34,35,36,37,38,39,40,41,42,43,44,45,46,47,48,49,50,51,52,53,54,55,56,57,58,59,60,61]]",24.0
31,31,31,[C:1]([C:2]([C:3]([H:27])([H:28])[H:29])([C:4](=[O:5])[N:6]([c:7]1[n:8][c:9](-[c:10]2[c:11]([H:31])[c:12]([H:32])[c:13]([H:33])[c:14]([H:34])[n:15]2)[c:16]([H:35])[c:17]2[c:18]([H:36])[c:19]([H:37])[c:20]([H:38])[c:21]([H:39])[c:22]12)[H:30])[H:26])([H:23])([H:24])[H:25],"[[1,2,3,4,5,6,7,8,9,10,11,12,13,14,15,16,17,18,19,20,21,22,23,24,25,26,27,28,29,30,31,32,33,34,35,36,37,38,39]]",104.71
32,32,32,[C:1]([N:2]([C:3]1=[N:4][c:5]2[c:6]([H:26])[c:7]([H:27])[c:8]([Cl:9])[c:10]([H:28])[c:11]2[C:12]([c:13]2[c:14]([H:29])[c:15]([H:30])[c:16]([H:31])[c:17]([H:32])[c:18]2[H:33])=[N+:19]([O-:20])[C:21]1([H:34])[H:35])[H:25])([H:22])([H:23])[H:24],"[[1,2,3,4,5,6,7,8,9,10,11,12,13,14,15,16,17,18,19,20,21,22,23,24,25,26,27,28,29,30,31,32,33,34,35]]",5.75
33,33,33,[O:1]=[C:2]1[C:3]2=[C:7]([C:6]([H:25])=[C:5]([H:24])[S:4]2)[N:8]([C:9]([C:10]2([H:28])[C:11]([H:29])([H:30])[O:12][c:13]3[c:14]([H:31])[c:15]([H:32])[c:16]([H:33])[c:17]([H:34])[c:18]3[O:19]2)([H:26])[H:27])[C:20](=[O:21])[N:22]1[O:23][H:35],"[[1,2,3,4,5,6,7,8,9,10,11,12,13,14,15,16,17,18,19,20,21,22,23,24,25,26,27,28,29,30,31,32,33,34,35]]",3.0
34,34,34,[C:1]([O:2][c:3]1[c:4]([H:36])[c:5]([H:37])[c:6]2[c:7]([O:8][c:9]3[c:10]([H:38])[c:11]([H:39])[c:12]([C:13]([C:14](=[O:15])[N:16]([C:17]4=[C:18]([H:43])[N:19]([C:20]([H:44])([H:45])[H:46])[N:21]=[C:22]4[C:23]([H:47])([H:48])[H:49])[H:42])([H:40])[H:41])[c:24]([O:25][C:26]([H:50])([H:51])[H:52])[c:27]3[H:53])[c:28]([H:54])[c:29]([H:55])[n:30][c:31]2[c:32]1[H:56])([H:33])([H:34])[H:35],"[[1,2,3,4,5,6,7,8,9,10,11,12,13,14,15,16,17,18,19,20,21,22,23,24,25,26,27,28,29,30,31,32,33,34,35,36,37,38,39,40,41,42,43,44,45,46,47,48,49,50,51,52,53,54,55,56]]",24.55
35,35,35,[C:1]([c:2]1[c:3]([H:25])[c:4]([H:26])[c:5]([H:27])[c:6]([H:28])[c:7]1[N:8]([C:9](=[O:10])[C:11]([C:12]([S:13](=[O:14])(=[O:15])[C:16]1=[C:17]([H:34])[C:18]([H:35])=[C:19]([Br:20])[S:21]1)([H:32])[H:33])([H:30])[H:31])[H:29])([H:22])([H:23])[H:24],"[[1,2,3,4,5,6,7,8,9,10,11,12,13,14,15,16,17,18,19,20,21,22,23,24,25,26,27,28,29,30,31,32,33,34,35]]",46.77
36,36,36,[C:1]([N:2]([C:3]1=[N:4][C:5]([C:6]([H:34])([H:35])[H:36])=[C:7]([c:8]2[n:9][c:10]([N:11]([c:12]3[c:13]([H:38])[c:14]([H:39])[c:15]([H:40])[c:16]([N:17]4[C:18]([H:41])([H:42])[C:19]([H:43])([H:44])[C:20]([H:45])([H:46])[C:21]([H:47])([H:48])[C:22]4([H:49])[H:50])[c:23]3[H:51])[H:37])[n:24][c:25]([H:52])[c:26]2[C:27]#[N:28])[S:29]1)[H:33])([H:30])([H:31])[H:32],"[[1,2,3,4,5,6,7,8,9,10,11,12,13,14,15,16,17,18,19,20,21,22,23,24,25,26,27,28,29,30,31,32,33,34,35,36,37,38,39,40,41,42,43,44,45,46,47,48,49,50,51,52]]",95.5
37,37,37,[C:1]([C:2]1=[C:3]([C:4]([H:30])([H:31])[H:32])[C:5](=[O:6])[C:7]([C:8]([C:9]([C:10]([C:11]([C:12]([C:13]([C:14](=[O:15])[O:16][H:44])([H:42])[H:43])([H:40])[H:41])([H:38])[H:39])([H:36])[H:37])([H:34])[H:35])([c:17]2[c:18]([H:45])[c:19]([H:46])[c:20]([H:47])[c:21]([H:48])[c:22]2[H:49])[H:33])=[C:23]([C:24]([H:50])([H:51])[H:52])[C:25]1=[O:26])([H:27])([H:28])[H:29],"[[1,2,3,4,5,6,7,8,9,10,11,12,13,14,15,16,17,18,19,20,21,22,23,24,25,26,27,28,29,30,31,32,33,34,35,36,37,38,39,40,41,42,43,44,45,46,47,48,49,50,51,52]]",3.0
38,38,38,[C:1]([O:2][c:3]1[c:4]([H:40])[c:5]([H:41])[c:6]([H:42])[c:7]([H:43])[c:8]1[C:9]([C:10]#[N:11])([N:12]([C:13](=[O:14])[C@:15]1([H:46])[C:16]([H:47])([H:48])[C:17]([H:49])([H:50])[C:18]([H:51])([H:52])[C:19]([H:53])([H:54])[C@:20]1([C:21](=[O:22])[N:23]1[C:24]([H:56])([H:57])[C:25]([H:58])([H:59])[N:26]([C:27]([c:28]2[c:29]([H:62])[c:30]([H:63])[c:31]([F:32])[c:33]([H:64])[c:34]2[H:65])([H:60])[H:61])[C:35]([H:66])([H:67])[C:36]1([H:68])[H:69])[H:55])[H:45])[H:44])([H:37])([H:38])[H:39],"[[1,2,3,4,5,6,7,8,9,10,11,12,13,14,15,16,17,18,19,20,21,22,23,24,25,26,27,28,29,30,31,32,33,34,35,36,37,38,39,40,41,42,43,44,45,46,47,48,49,50,51,52,53,54,55,56,57,58,59,60,61,62,63,64,65,66,67,68,69]]",127.0
39,39,39,[C:1]([C:2](/[C:3](=[C:4](/[c:5]1[c:6]([H:34])[c:7]([H:35])[c:8]([O:9][H:36])[c:10]([H:37])[c:11]1[H:38])[c:12]1[c:13]([H:39])[c:14]([H:40])[c:15](/[C:16](=[C:17](/[C:18](=[O:19])[O:20][H:43])[H:42])[H:41])[c:21]([H:44])[c:22]1[H:45])[c:23]1[c:24]([H:46])[c:25]([H:47])[c:26]([H:48])[c:27]([H:49])[c:28]1[H:50])([H:32])[H:33])([H:29])([H:30])[H:31],"[[1,2,3,4,5,6,7,8,9,10,11,12,13,14,15,16,17,18,19,20,21,22,23,24,25,26,27,28,29,30,31,32,33,34,35,36,37,38,39,40,41,42,43,44,45,46,47,48,49,50]]",33.88
40,40,40,[C:1]([C:2](/[C:3](=[C:4](\[c:5]1[c:6]([H:33])[c:7]([H:34])[c:8]([H:35])[c:9]([H:36])[c:10]1[H:37])[c:11]1[c:12]([H:38])[c:13]([H:39])[c:14](/[C:15](=[C:16](/[C:17](=[O:18])[O:19][H:42])[H:41])[H:40])[c:20]([H:43])[c:21]1[H:44])[c:22]1[c:23]([H:45])[c:24]([H:46])[c:25]([H:47])[c:26]([H:48])[c:27]1[H:49])([H:31])[H:32])([H:28])([H:29])[H:30],"[[1,2,3,4,5,6,7,8,9,10,11,12,13,14,15,16,17,18,19,20,21,22,23,24,25,26,27,28,29,30,31,32,33,34,35,36,37,38,39,40,41,42,43,44,45,46,47,48,49]]",31.62
41,41,41,[N:1]([c:2]1[n:3][c:4]([H:35])[n:5][c:6]2[c:7]1[N:8]=[C:9]([H:36])[N:10]2[C@:11]1([H:37])[O:12][C@@:13]([C:14]([S:15][C:16]([C:17]([C:18]([N:19]([C:20](=[O:21])[N:22]([c:23]2[c:24]([H:49])[c:25]([H:50])[c:26]([H:51])[c:27]([H:52])[c:28]2[H:53])[H:48])[H:47])([H:45])[H:46])([H:43])[H:44])([H:41])[H:42])([H:39])[H:40])([H:38])[C@:29]([O:30][H:55])([H:54])[C@:31]1([O:32][H:57])[H:56])([H:33])[H:34],"[[1,2,3,4,5,6,7,8,9,10,11,12,13,14,15,16,17,18,19,20,21,22,23,24,25,26,27,28,29,30,31,32,33,34,35,36,37,38,39,40,41,42,43,44,45,46,47,48,49,50,51,52,53,54,55,56,57]]",9.77
42,42,42,[N:1]([c:2]1[n:3][c:4]([H:36])[n:5][c:6]2[c:7]1[N:8]=[C:9]([H:37])[N:10]2[C@:11]1([H:38])[O:12][C@@:13]([C:14]([S:15][C:16]([C:17]([C:18]([N:19]([C:20](=[O:21])[N:22]([c:23]2[c:24]([H:50])[c:25]([H:51])[c:26]([Cl:27])[c:28]([H:52])[c:29]2[H:53])[H:49])[H:48])([H:46])[H:47])([H:44])[H:45])([H:42])[H:43])([H:40])[H:41])([H:39])[C@:30]([O:31][H:55])([H:54])[C@:32]1([O:33][H:57])[H:56])([H:34])[H:35],"[[1,2,3,4,5,6,7,8,9,10,11,12,13,14,15,16,17,18,19,20,21,22,23,24,25,26,27,28,29,30,31,32,33,34,35,36,37,38,39,40,41,42,43,44,45,46,47,48,49,50,51,52,53,54,55,56,57]]",21.38
43,43,43,[C:1]([C:2]([C:3]([H:40])([H:41])[H:42])([c:4]1[c:5]([H:43])[c:6]([H:44])[c:7]([N:8]([C:9](=[O:10])[N:11]([C:12]([C:13]([C:14]([S:15][C:16]([C@@:17]2([H:55])[O:18][C@:19]([N:20]3[C:21]([H:57])=[N:22][c:23]4[c:24]([N:25]([H:58])[H:59])[n:26][c:27]([H:60])[n:28][c:29]43)([H:56])[C@@:30]([O:31][H:62])([H:61])[C@@:32]2([O:33][H:64])[H:63])([H:53])[H:54])([H:51])[H:52])([H:49])[H:50])([H:47])[H:48])[H:46])[H:45])[c:34]([H:65])[c:35]1[H:66])[H:39])([H:36])([H:37])[H:38],"[[1,2,3,4,5,6,7,8,9,10,11,12,13,14,15,16,17,18,19,20,21,22,23,24,25,26,27,28,29,30,31,32,33,34,35,36,37,38,39,40,41,42,43,44,45,46,47,48,49,50,51,52,53,54,55,56,57,58,59,60,61,62,63,64,65,66]]",125.89
44,44,44,[O:1]=[C:2]([N:3]([C:4]([C:5]12[C:6]([H:31])([H:32])[C:7]3([H:33])[C:8]([H:34])([H:35])[C:9]([H:36])([C:10]([H:37])([H:38])[C:11]([H:39])([C:12]3([H:40])[H:41])[C:13]1([H:42])[H:43])[C:14]2([H:44])[H:45])([H:29])[H:30])[H:28])[c:15]1[c:16]([H:46])[c:17]([N:18]2[C:19]([H:47])([H:48])[C:20]([H:49])([H:50])[N:21]([H:51])[C:22]([H:52])([H:53])[C:23]2([H:54])[H:55])[n:24][c:25]([H:56])[c:26]1[Cl:27],"[[1,2,3,4,5,6,7,8,9,10,11,12,13,14,15,16,17,18,19,20,21,22,23,24,25,26,27,28,29,30,31,32,33,34,35,36,37,38,39,40,41,42,43,44,45,46,47,48,49,50,51,52,53,54,55,56]]",10.0
45,45,45,[O:1]=[C:2]([N:3]([C:4]([C:5]12[C:6]([H:31])([H:32])[C:7]3([H:33])[C:8]([H:34])([H:35])[C:9]([H:36])([C:10]([H:37])([H:38])[C:11]([H:39])([C:12]3([H:40])[H:41])[C:13]1([H:42])[H:43])[C:14]2([H:44])[H:45])([H:29])[H:30])[H:28])[c:15]1[c:16]([H:46])[c:17]([H:47])[n:18][c:19]([N:20]2[C:21]([H:48])([H:49])[C:22]([H:50])([H:51])[N:23]([H:52])[C:24]([H:53])([H:54])[C:25]2([H:55])[H:56])[c:26]1[Cl:27],"[[1,2,3,4,5,6,7,8,9,10,11,12,13,14,15,16,17,18,19,20,21,22,23,24,25,26,27,28,29,30,31,32,33,34,35,36,37,38,39,40,41,42,43,44,45,46,47,48,49,50,51,52,53,54,55,56]]",73.0
46,46,46,[C:1]([C:2]([C:3]([H:31])([H:32])[H:33])([c:4]1[c:5]([H:34])[c:6]([H:35])[c:7]([N:8]([C:9](=[O:10])[C:11]([N:12]2[C:13]([H:39])=[N:14][C:15]3=[C:16]2[C:17](=[O:18])[N:19]([C:20]([H:40])([H:41])[H:42])[C:21](=[O:22])[N:23]3[C:24]([H:43])([H:44])[H:45])([H:37])[H:38])[H:36])[c:25]([H:46])[c:26]1[H:47])[H:30])([H:27])([H:28])[H:29],"[[1,2,3,4,5,6,7,8,9,10,11,12,13,14,15,16,17,18,19,20,21,22,23,24,25,26,27,28,29,30,31,32,33,34,35,36,37,38,39,40,41,42,43,44,45,46,47]]",18.2
47,47,47,[C:1]([C:2]([N:3]([C:4]([C:5]([H:33])([H:34])[H:35])([H:31])[H:32])[C:6]([c:7]1[c:8]([H:38])[c:9]([N:10]([c:11]2[c:12]([H:40])[c:13]([H:41])[n:14][c:15]3[c:16]([H:42])[c:17]([Cl:18])[c:19]([H:43])[c:20]([H:44])[c:21]23)[H:39])[c:22]([H:45])[c:23]([H:46])[c:24]1[O:25][H:47])([H:36])[H:37])([H:29])[H:30])([H:26])([H:27])[H:28],"[[1,2,3,4,5,6,7,8,9,10,11,12,13,14,15,16,17,18,19,20,21,22,23,24,25,26,27,28,29,30,31,32,33,34,35,36,37,38,39,40,41,42,43,44,45,46,47]]",150.0
48,48,48,[C:1]([O:2][c:3]1[c:4]([H:36])[c:5]2[c:6]([N:7]([c:8]3[c:9]([H:38])[c:10]([H:39])[c:11]([F:12])[c:13]([Cl:14])[c:15]3[H:40])[H:37])[c:16]([C:17]([N:18]([H:41])[H:42])=[O:19])[c:20]([H:43])[n:21][c:22]2[c:23]([H:44])[c:24]1[O:25][C:26]([C:27]([N:28]([C:29]([H:49])([H:50])[H:51])[C:30]([C:31]([O:32][H:56])([H:54])[H:55])([H:52])[H:53])([H:47])[H:48])([H:45])[H:46])([H:33])([H:34])[H:35],"[[1,2,3,4,5,6,7,8,9,10,11,12,13,14,15,16,17,18,19,20,21,22,23,24,25,26,27,28,29,30,31,32,33,34,35,36,37,38,39,40,41,42,43,44,45,46,47,48,49,50,51,52,53,54,55,56]]",27.54
49,49,49,[O:1]=[C:2]([N:3]([C:4]([c:5]1[c:6]([H:25])[c:7]([H:26])[c:8]([H:27])[c:9]([H:28])[c:10]1[H:29])([H:23])[H:24])[H:22])[c:11]1[c:12]([H:30])[c:13]([H:31])[c:14]2[c:15]([H:32])[c:16]([H:33])[c:17]([H:34])[n:18][c:19]2[c:20]1[O:21][H:35],"[[1,2,3,4,5,6,7,8,9,10,11,12,13,14,15,16,17,18,19,20,21,22,23,24,25,26,27,28,29,30,31,32,33,34,35]]",49.0
50,50,50,[C:1]([C:2]1=[N:3][C:4]([H:28])=[C:5]([H:29])[N:6]1[C:7]([C:8]([C:9]([C:10]([N:11]([H:34])[H:35])=[O:12])([c:13]1[c:14]([H:36])[c:15]([H:37])[c:16]([H:38])[c:17]([H:39])[c:18]1[H:40])[c:19]1[c:20]([H:41])[c:21]([H:42])[c:22]([H:43])[c:23]([H:44])[c:24]1[H:45])([H:32])[H:33])([H:30])[H:31])([H:25])([H:26])[H:27],"[[1,2,3,4,5,6,7,8,9,10,11,12,13,14,15,16,17,18,19,20,21,22,23,24,25,26,27,28,29,30,31,32,33,34,35,36,37,38,39,40,41,42,43,44,45]]",3.0
51,51,51,[C:1]([O:2][c:3]1[c:4]([H:39])[c:5]([H:40])[c:6]([N:7]([C:8](=[O:9])[c:10]2[c:11]([H:41])[c:12]([H:42])[c:13]([H:43])[c:14]([H:44])[c:15]2[H:45])[C:16]([C:17](=[O:18])[N:19]([C:20]2([H:48])[C:21]([H:49])([H:50])[C:22]([H:51])([H:52])[C:23]([H:53])([H:54])[C:24]2([H:55])[H:56])[H:47])([c:25]2[c:26]([H:57])[c:27]([H:58])[c:28]([H:59])[c:29]([H:60])[c:30]2[F:31])[H:46])[c:32]([O:33][C:34]([H:61])([H:62])[H:63])[c:35]1[H:64])([H:36])([H:37])[H:38],"[[1,2,3,4,5,6,7,8,9,10,11,12,13,14,15,16,17,18,19,20,21,22,23,24,25,26,27,28,29,30,31,32,33,34,35,36,37,38,39,40,41,42,43,44,45,46,47,48,49,50,51,52,53,54,55,56,57,58,59,60,61,62,63,64]]",150.0
52,52,52,[C:1]([C:2]([C:3]([H:32])([H:33])[H:34])([C:4]([N:5]1[C:6](=[O:7])[N:8]([C:9]([H:37])([H:38])[H:39])[C:10](=[O:11])[C:12]2=[C:13]([H:40])[N:14]([C:15]([c:16]3[c:17]([H:43])[c:18]([H:44])[c:19]([H:45])[c:20]4[c:21]([H:46])[c:22]([H:47])[c:23]([H:48])[c:24]([H:49])[c:25]34)([H:41])[H:42])[C:26]([H:50])=[C:27]12)([H:35])[H:36])[H:31])([H:28])([H:29])[H:30],"[[1,2,3,4,5,6,7,8,9,10,11,12,13,14,15,16,17,18,19,20,21,22,23,24,25,26,27,28,29,30,31,32,33,34,35,36,37,38,39,40,41,42,43,44,45,46,47,48,49,50]]",14.0
53,53,53,[O:1]=[C:2]([N:3]([c:4]1[c:5]([H:29])[c:6]([H:30])[c:7]([H:31])[c:8]([C:9]2=[N:10][N:11]=[N:12][N:13]2[H:32])[c:14]1[H:33])[H:28])[c:15]1[c:16]([H:34])[c:17]([C:18]([F:19])([F:20])[F:21])[c:22]([H:35])[c:23]2[c:27]1[N:26]=[C:25]([H:37])[N:24]2[H:36],"[[1,2,3,4,5,6,7,8,9,10,11,12,13,14,15,16,17,18,19,20,21,22,23,24,25,26,27,28,29,30,31,32,33,34,35,36,37]]",4.47
54,54,54,[C:1]([C@@:2]([C:3](=[O:4])[O:5][C@@:6]1([H:39])[C:7]([H:40])([H:41])[N+:8]2([C:9]([C:10](=[O:11])[N:12]([c:13]3[c:14]([H:45])[c:15]([H:46])[c:16]([H:47])[c:17]([H:48])[n:18]3)[H:44])([H:42])[H:43])[C:19]([H:49])([H:50])[C:20]([H:51])([H:52])[C:21]1([H:53])[C:22]([H:54])([H:55])[C:23]2([H:56])[H:57])([c:24]1[c:25]([H:58])[c:26]([H:59])[c:27]([H:60])[c:28]([H:61])[c:29]1[H:62])[N:30]1[C:31]([H:63])([H:64])[C:32]([H:65])([H:66])[C:33]([H:67])([H:68])[C:34]([H:69])([H:70])[C:35]1([H:71])[H:72])([H:36])([H:37])[H:38],"[[1,2,3,4,5,6,7,8,9,10,11,12,13,14,15,16,17,18,19,20,21,22,23,24,25,26,27,28,29,30,31,32,33,34,35,36,37,38,39,40,41,42,43,44,45,46,47,48,49,50,51,52,53,54,55,56,57,58,59,60,61,62,63,64,65,66,67,68,69,70,71,72]]",66.0
55,55,55,[N:1]([c:2]1[n:3][c:4]([H:28])[n:5][c:6]2[c:7]1[C:8]([C:9]([O:10][c:11]1[c:12]([H:31])[c:13]([H:32])[c:14]([H:33])[c:15]([Cl:16])[c:17]1[H:34])([H:29])[H:30])=[N:18][N:19]2[C:20]1([H:35])[C:21]([H:36])([H:37])[C:22]([H:38])([H:39])[O:23][C:24]([H:40])([H:41])[C:25]1([H:42])[H:43])([H:26])[H:27],"[[1,2,3,4,5,6,7,8,9,10,11,12,13,14,15,16,17,18,19,20,21,22,23,24,25,26,27,28,29,30,31,32,33,34,35,36,37,38,39,40,41,42,43]]",46.77
56,56,56,[O:1]=[C:2]([N:3]([C:4]([C@@:5]([O:6][H:36])([C:7]([N:8]1[C:9]([H:39])([H:40])[C:10]([H:41])([H:42])[C:11]([O:12][c:13]2[c:14]([H:44])[c:15]([H:45])[c:16]([Cl:17])[c:18]([Cl:19])[c:20]2[H:46])([H:43])[C:21]([H:47])([H:48])[C:22]1([H:49])[H:50])([H:37])[H:38])[H:35])([H:33])[H:34])[H:32])[C:23]1=[C:24]([H:51])[N:25]([H:52])[c:26]2[c:27]([H:53])[c:28]([H:54])[c:29]([H:55])[c:30]([H:56])[c:31]21,"[[1,2,3,4,5,6,7,8,9,10,11,12,13,14,15,16,17,18,19,20,21,22,23,24,25,26,27,28,29,30,31,32,33,34,35,36,37,38,39,40,41,42,43,44,45,46,47,48,49,50,51,52,53,54,55,56]]",3.0
57,57,57,[C:1]([C:2]([O:3][C:4](=[O:5])[C:6]1=[C:7]([C:8]([H:28])([H:29])[H:30])[N:9]([C:10]([C:11]2=[C:12]([H:33])[C:13]([H:34])=[C:14]([H:35])[O:15]2)([H:31])[H:32])[c:16]2[c:17]([H:36])[c:18]([H:37])[c:19]([O:20][H:38])[c:21]([H:39])[c:22]21)([H:26])[H:27])([H:23])([H:24])[H:25],"[[1,2,3,4,5,6,7,8,9,10,11,12,13,14,15,16,17,18,19,20,21,22,23,24,25,26,27,28,29,30,31,32,33,34,35,36,37,38,39]]",150.0
58,58,58,[C:1]([O:2][C:3]([C@@:4]([O:5][H:40])([C:6]([N:7]1[C:8](=[O:9])[C:10]([H:43])=[N:11][N:12]([c:13]2[c:14]([H:44])[c:15]([H:45])[c:16]([Cl:17])[c:18]([C:19](=[O:20])[N:21]([C:22]([C:23]3([O:24][H:49])[C:25]([H:50])([H:51])[C:26]([H:52])([H:53])[C:27]([H:54])([H:55])[C:28]([H:56])([H:57])[C:29]([H:58])([H:59])[C:30]3([H:60])[H:61])([H:47])[H:48])[H:46])[c:31]2[H:62])[C:32]1=[O:33])([H:41])[H:42])[H:39])([H:37])[H:38])([H:34])([H:35])[H:36],"[[1,2,3,4,5,6,7,8,9,10,11,12,13,14,15,16,17,18,19,20,21,22,23,24,25,26,27,28,29,30,31,32,33,34,35,36,37,38,39,40,41,42,43,44,45,46,47,48,49,50,51,52,53,54,55,56,57,58,59,60,61,62]]",7.5
59,59,59,[O:1]=[C:2]([N:3]([C:4]([C:5]1([O:6][H:31])[C:7]([H:32])([H:33])[C:8]([H:34])([H:35])[C:9]([H:36])([H:37])[C:10]([H:38])([H:39])[C:11]([H:40])([H:41])[C:12]1([H:42])[H:43])([H:29])[H:30])[H:28])[c:13]1[c:14]([H:44])[c:15]([N:16]2[N:17]=[C:18]([H:45])[C:19](=[O:20])[N:21]([H:46])[C:22]2=[O:23])[c:24]([H:47])[c:25]([H:48])[c:26]1[Cl:27],"[[1,2,3,4,5,6,7,8,9,10,11,12,13,14,15,16,17,18,19,20,21,22,23,24,25,26,27,28,29,30,31,32,33,34,35,36,37,38,39,40,41,42,43,44,45,46,47,48]]",3.0
60,60,60,[C:1]([C@@:2]1([H:24])[C:3]([H:25])([H:26])[C@:4]([N:5]([S:6](=[O:7])(=[O:8])[c:9]2[c:10]([H:29])[c:11]([Br:12])[c:13]([H:30])[c:14]([H:31])[c:15]2[Br:16])[H:28])([H:27])[C:17]([H:32])([H:33])[N:18]1[C:19]#[N:20])([H:21])([H:22])[H:23],"[[1,2,3,4,5,6,7,8,9,10,11,12,13,14,15,16,17,18,19,20,21,22,23,24,25,26,27,28,29,30,31,32,33]]",16.0
61,61,61,[C:1]([C:2]1=[C:3]([H:32])[C:4]([H:33])=[C:5]([C:6]([N:7]([C:8](=[O:9])[c:10]2[c:11]([H:36])[c:12]([H:37])[c:13]([H:38])[c:14]([H:39])[c:15]2[O:16][H:40])[H:35])([C:17](=[O:18])[N:19]([c:20]2[c:21]([C:22]([H:42])([H:43])[H:44])[c:23]([H:45])[c:24]([H:46])[c:25]([H:47])[c:26]2[C:27]([H:48])([H:49])[H:50])[H:41])[H:34])[S:28]1)([H:29])([H:30])[H:31],"[[1,2,3,4,5,6,7,8,9,10,11,12,13,14,15,16,17,18,19,20,21,22,23,24,25,26,27,28,29,30,31,32,33,34,35,36,37,38,39,40,41,42,43,44,45,46,47,48,49,50]]",43.0
62,62,62,[C:1]([C:2]1=[N:3][O:4][C:5]([H:31])=[C:6]1[C:7](=[O:8])[N:9]([c:10]1[c:11]([H:33])[c:12]([H:34])[c:13](-[c:14]2[c:15]([H:35])[c:16]([H:36])[c:17]([H:37])[c:18]([H:38])[c:19]2[O:20][C:21]([F:22])([F:23])[F:24])[c:25]([N:26]([H:39])[H:40])[n:27]1)[H:32])([H:28])([H:29])[H:30],"[[1,2,3,4,5,6,7,8,9,10,11,12,13,14,15,16,17,18,19,20,21,22,23,24,25,26,27,28,29,30,31,32,33,34,35,36,37,38,39,40]]",3.0
63,63,63,[C:1]([C:2]([C:3]([H:35])([H:36])[H:37])([N:4]([C:5](=[O:6])[c:7]1[c:8]([H:39])[c:9]([H:40])[c:10]2[c:11]([N:12]([c:13]3[c:14]([H:42])[c:15]([H:43])[c:16]([Cl:17])[c:18]([H:44])[c:19]3[H:45])[H:41])[n:20][c:21]([N:22]3[C:23]([H:46])([H:47])[C:24]([H:48])([H:49])[O:25][C:26]([H:50])([H:51])[C:27]3([H:52])[H:53])[n:28][c:29]2[c:30]1[H:54])[H:38])[H:34])([H:31])([H:32])[H:33],"[[1,2,3,4,5,6,7,8,9,10,11,12,13,14,15,16,17,18,19,20,21,22,23,24,25,26,27,28,29,30,31,32,33,34,35,36,37,38,39,40,41,42,43,44,45,46,47,48,49,50,51,52,53,54]]",3.0
64,64,64,[C:1]([O:2][c:3]1[c:4]([N:5]([c:6]2[c:7]([H:38])[c:8]([H:39])[c:9]([S:10]([C:11]([H:40])([H:41])[H:42])(=[O:12])=[O:13])[n:14][c:15]2[C:16]([H:43])([H:44])[H:45])[H:37])[n:17][c:18]([H:46])[n:19][c:20]1[O:21][C:22]1([H:47])[C:23]([H:48])([H:49])[C:24]([H:50])([H:51])[N:25]([C:26](=[O:27])[O:28][C:29]([C:30]([H:53])([H:54])[H:55])([C:31]([H:56])([H:57])[H:58])[H:52])[C:32]([H:59])([H:60])[C:33]1([H:61])[H:62])([H:34])([H:35])[H:36],"[[1,2,3,4,5,6,7,8,9,10,11,12,13,14,15,16,17,18,19,20,21,22,23,24,25,26,27,28,29,30,31,32,33,34,35,36,37,38,39,40,41,42,43,44,45,46,47,48,49,50,51,52,53,54,55,56,57,58,59,60,61,62]]",19.95
65,65,65,[O:1]=[C:2]([N:3]([C:4]([C:5]12[C:6]([H:33])([H:34])[C:7]3([H:35])[C:8]([H:36])([H:37])[C:9]([H:38])([C:10]([H:39])([H:40])[C:11]([H:41])([C:12]3([H:42])[H:43])[C:13]1([H:44])[H:45])[C:14]2([H:46])[H:47])([H:31])[H:32])[H:30])[c:15]1[c:16]([H:48])[c:17]([H:49])[n:18][c:19]([N:20]([C:21]([C:22]2([H:53])[C:23]([H:54])([H:55])[C:24]([H:56])([H:57])[N:25]([H:58])[C:26]([H:59])([H:60])[C:27]2([H:61])[H:62])([H:51])[H:52])[H:50])[c:28]1[Cl:29],"[[1,2,3,4,5,6,7,8,9,10,11,12,13,14,15,16,17,18,19,20,21,22,23,24,25,26,27,28,29,30,31,32,33,34,35,36,37,38,39,40,41,42,43,44,45,46,47,48,49,50,51,52,53,54,55,56,57,58,59,60,61,62]]",68.0
66,66,66,[C:1]([N:2]1[C:3]([H:42])([H:43])[C:4]([H:44])([H:45])[N:5]([c:6]2[n:7][c:8]3[c:9]([H:46])[c:10]([H:47])[c:11]([H:48])[c:12]([H:49])[c:13]3[c:14]([H:50])[c:15]2[C:16]([N:17]2[N:18]=[C:19]([c:20]3[c:21]([H:53])[c:22]([H:54])[c:23]4[c:28]([c:29]3[H:57])[S:27][C:25]([N:26]([H:55])[H:56])=[N:24]4)[c:30]3[c:31]([N:32]([H:58])[H:59])[n:33][c:34]([H:60])[n:35][c:36]32)([H:51])[H:52])[C:37]([H:61])([H:62])[C:38]1([H:63])[H:64])([H:39])([H:40])[H:41],"[[1,2,3,4,5,6,7,8,9,10,11,12,13,14,15,16,17,18,19,20,21,22,23,24,25,26,27,28,29,30,31,32,33,34,35,36,37,38,39,40,41,42,43,44,45,46,47,48,49,50,51,52,53,54,55,56,57,58,59,60,61,62,63,64]]",72.0
67,67,67,[O:1]=[C:2]([O:3][H:27])[C:4]([C:5]([c:6]1[c:7]([H:32])[c:8]([H:33])[c:9]([O:10][C:11]([c:12]2[c:13]([H:36])[c:14]([H:37])[c:15]([H:38])[c:16]([O:17][c:18]3[c:19]([H:39])[c:20]([H:40])[c:21]([H:41])[c:22]([H:42])[c:23]3[H:43])[c:24]2[H:44])([H:34])[H:35])[c:25]([H:45])[c:26]1[H:46])([H:30])[H:31])([H:28])[H:29],"[[1,2,3,4,5,6,7,8,9,10,11,12,13,14,15,16,17,18,19,20,21,22,23,24,25,26,27,28,29,30,31,32,33,34,35,36,37,38,39,40,41,42,43,44,45,46]]",4.9
68,68,68,[C:1]([C@:2]([C:3]([O:4][H:30])([H:28])[H:29])([N:5]([c:6]1[n:7][c:8]([S:9][C:10]([c:11]2[c:12]([H:34])[c:13]([H:35])[c:14]([H:36])[c:15]([H:37])[c:16]2[H:38])([H:32])[H:33])[n:17][c:18]2[c:23]1[N:22]([H:40])[C:20](=[O:21])[N:19]2[H:39])[H:31])[H:27])([H:24])([H:25])[H:26],"[[1,2,3,4,5,6,7,8,9,10,11,12,13,14,15,16,17,18,19,20,21,22,23,24,25,26,27,28,29,30,31,32,33,34,35,36,37,38,39,40]]",3.0
69,69,69,[C:1]([C:2]([C:3]([C:4]([c:5]1[c:6]([H:35])[c:7]([H:36])[c:8]([H:37])[c:9]([O:10][C:11]([c:12]2[c:13]([H:40])[c:14]([H:41])[c:15]3[c:16]([H:42])[c:17]([H:43])[c:18]([H:44])[c:19]([H:45])[c:20]3[n:21]2)([H:38])[H:39])[c:22]1[H:46])([H:33])[H:34])([H:31])[H:32])([C:23]([C:24](=[O:25])[O:26][H:49])([H:47])[H:48])[H:30])([H:27])([H:28])[H:29],"[[1,2,3,4,5,6,7,8,9,10,11,12,13,14,15,16,17,18,19,20,21,22,23,24,25,26,27,28,29,30,31,32,33,34,35,36,37,38,39,40,41,42,43,44,45,46,47,48,49]]",6.17
70,70,70,[C:1]([N:2]([C:3]([H:25])([H:26])[H:27])[C:4]([C:5]([C:6]([N:7]1[c:8]2[c:9]([H:34])[c:10]([H:35])[c:11]([H:36])[c:12]([H:37])[c:13]2[S:14][c:15]2[c:16]([H:38])[c:17]([H:39])[c:18]([Cl:19])[c:20]([H:40])[c:21]21)([H:32])[H:33])([H:30])[H:31])([H:28])[H:29])([H:22])([H:23])[H:24],"[[1,2,3,4,5,6,7,8,9,10,11,12,13,14,15,16,17,18,19,20,21,22,23,24,25,26,27,28,29,30,31,32,33,34,35,36,37,38,39,40]]",37.15
71,71,71,[O:1]=[C:2]1[N:3]([H:21])[C:4]([c:5]2[c:6]([H:22])[c:7]([H:23])[c:8]([N+:9](=[O:10])[O-:11])[c:12]([H:24])[c:13]2[H:25])=[N:14][c:15]2[c:16]([H:26])[c:17]([H:27])[c:18]([H:28])[c:19]([H:29])[c:20]21,"[[1,2,3,4,5,6,7,8,9,10,11,12,13,14,15,16,17,18,19,20,21,22,23,24,25,26,27,28,29]]",53.7
72,72,72,[C:1]([c:2]1[c:3]([H:41])[c:4]([H:42])[c:5]([H:43])[c:6]2[c:37]1[N:36]([H:69])[C:35]([H:68])=[C:7]2[C:8]([C:9]([N:10]([C:11]([c:12]1[c:13]([H:51])[c:14]([H:52])[c:15]([H:53])[c:16]([C:17]([C:18]([N:19]([C:20]([C@:21]([O:22][H:62])([c:23]2[c:24]([H:63])[c:25]([H:64])[c:26]([O:27][H:65])[c:28]3[c:33]2[S:32][C:30](=[O:31])[N:29]3[H:66])[H:61])([H:59])[H:60])[H:58])([H:56])[H:57])([H:54])[H:55])[c:34]1[H:67])([H:49])[H:50])[H:48])([H:46])[H:47])([H:44])[H:45])([H:38])([H:39])[H:40],"[[1,2,3,4,5,6,7,8,9,10,11,12,13,14,15,16,17,18,19,20,21,22,23,24,25,26,27,28,29,30,31,32,33,34,35,36,37,38,39,40,41,42,43,44,45,46,47,48,49,50,51,52,53,54,55,56,57,58,59,60,61,62,63,64,65,66,67,68,69]]",16.0
73,73,73,[c:1]1([H:16])[c:2]([H:17])[c:3]([H:18])[c:4]([C:5]2=[c:13]3[c:8]([c:9]([H:20])[c:10]([H:21])[c:11]([H:22])[c:12]3[H:23])=[N:7][N:6]2[H:19])[c:14]([H:24])[c:15]1[H:25],"[[1,2,3,4,5,6,7,8,9,10,11,12,13,14,15,16,17,18,19,20,21,22,23,24,25]]",3.0
74,74,74,[N:1]#[C:2][C:3]1=[C:4]([H:30])[N:5]=[C:6]([N:7]2[C:8]([H:31])([H:32])[C:9]([H:33])([H:34])[N:10]([C:11](=[O:12])[C@:13]3([H:35])[C:14]([H:36])([H:37])[C:15]([H:38])([H:39])[C:16]([H:40])([H:41])[C:17]([H:42])([H:43])[C@:18]3([C:19](=[O:20])[N:21]([C:22]3([C:23]#[N:24])[C:25]([H:46])([H:47])[C:26]3([H:48])[H:49])[H:45])[H:44])[C:27]([H:50])([H:51])[C:28]2([H:52])[H:53])[S:29]1,"[[1,2,3,4,5,6,7,8,9,10,11,12,13,14,15,16,17,18,19,20,21,22,23,24,25,26,27,28,29,30,31,32,33,34,35,36,37,38,39,40,41,42,43,44,45,46,47,48,49,50,51,52,53]]",6.76
75,75,75,[C:1]([C:2]([C:3]([H:35])([H:36])[H:37])([C:4]([H:38])([H:39])[H:40])[C:5]1=[C:6]([H:41])[S:7][C:8]([N:9]2[C:10]([H:42])([H:43])[C:11]([H:44])([H:45])[N:12]([C:13](=[O:14])[C@:15]3([H:46])[C:16]([H:47])([H:48])[C:17]([H:49])([H:50])[C:18]([H:51])([H:52])[C:19]([H:53])([H:54])[C@:20]3([C:21](=[O:22])[N:23]([C:24]3([C:25]#[N:26])[C:27]([H:57])([H:58])[C:28]3([H:59])[H:60])[H:56])[H:55])[C:29]([H:61])([H:62])[C:30]2([H:63])[H:64])=[N:31]1)([H:32])([H:33])[H:34],"[[1,2,3,4,5,6,7,8,9,10,11,12,13,14,15,16,17,18,19,20,21,22,23,24,25,26,27,28,29,30,31,32,33,34,35,36,37,38,39,40,41,42,43,44,45,46,47,48,49,50,51,52,53,54,55,56,57,58,59,60,61,62,63,64]]",150.0
76,76,76,[N:1]#[C:2][C:3]1([N:4]([C:5](=[O:6])[C@:7]2([H:29])[C:8]([H:30])([H:31])[C:9]([H:32])([H:33])[C:10]([H:34])([H:35])[C:11]([H:36])([H:37])[C@:12]2([C:13](=[O:14])[N:15]2[C:16]([H:39])([H:40])[C:17]([H:41])([H:42])[N:18]([C:19]3=[N:20][C:21]([H:43])=[C:22]([H:44])[S:23]3)[C:24]([H:45])([H:46])[C:25]2([H:47])[H:48])[H:38])[H:28])[C:26]([H:49])([H:50])[C:27]1([H:51])[H:52],"[[1,2,3,4,5,6,7,8,9,10,11,12,13,14,15,16,17,18,19,20,21,22,23,24,25,26,27,28,29,30,31,32,33,34,35,36,37,38,39,40,41,42,43,44,45,46,47,48,49,50,51,52]]",6.92
77,77,77,[O:1]=[C:2]([O:3][H:33])[C:4]([c:5]1[c:6]([H:35])[c:7]([H:36])[c:8]([H:37])[c:9]([H:38])[c:10]1[H:39])([N:11]1[C:12]([H:40])([H:41])[C:13]([H:42])([H:43])[C:14]([H:44])([H:45])[C:15]([C:16]([N:17]2[C:18]([H:49])([H:50])[C:19]([H:51])([H:52])[C:20]([O:21][c:22]3[c:23]([H:54])[c:24]([H:55])[c:25]([Cl:26])[c:27]([Cl:28])[c:29]3[H:56])([H:53])[C:30]([H:57])([H:58])[C:31]2([H:59])[H:60])([H:47])[H:48])([H:46])[C:32]1([H:61])[H:62])[H:34],"[[1,2,3,4,5,6,7,8,9,10,11,12,13,14,15,16,17,18,19,20,21,22,23,24,25,26,27,28,29,30,31,32,33,34,35,36,37,38,39,40,41,42,43,44,45,46,47,48,49,50,51,52,53,54,55,56,57,58,59,60,61,62]]",3.0
78,78,78,[C:1]([c:2]1[c:3]([H:34])[c:4]([H:35])[c:5]([H:36])[c:6]([H:37])[c:7]1[C:8]([N:9]1[C:10]([H:40])([H:41])[C:11]([H:42])([H:43])[C:12]([N:13]2[C:14]([H:45])([H:46])[C:15]([H:47])([H:48])[C:16]([N:17]3[C:18](=[O:19])[N:20]([H:50])[c:21]4[c:22]([H:51])[c:23]([H:52])[c:24]([H:53])[c:25]([H:54])[c:26]43)([H:49])[C:27]([H:55])([H:56])[C:28]2([H:57])[H:58])([H:44])[C:29]([H:59])([H:60])[C:30]1([H:61])[H:62])([H:38])[H:39])([H:31])([H:32])[H:33],"[[1,2,3,4,5,6,7,8,9,10,11,12,13,14,15,16,17,18,19,20,21,22,23,24,25,26,27,28,29,30,31,32,33,34,35,36,37,38,39,40,41,42,43,44,45,46,47,48,49,50,51,52,53,54,55,56,57,58,59,60,61,62]]",24.0
79,79,79,[C:1]([N:2]([C:3](=[O:4])[c:5]1[c:6]([H:42])[c:7]([H:43])[c:8]([H:44])[c:9]([N:10]([C:11](=[O:12])[N:13]([c:14]2[c:15]([H:47])[c:16]([H:48])[c:17]([H:49])[c:18]([C:19]#[N:20])[c:21]2[H:50])[H:46])[H:45])[c:22]1[C:23]([N:24]1[C:25]([H:53])([H:54])[C:26]([H:55])([H:56])[C:27]([C:28]([c:29]2[c:30]([H:60])[c:31]([H:61])[c:32]([F:33])[c:34]([H:62])[c:35]2[H:63])([H:58])[H:59])([H:57])[C:36]([H:64])([H:65])[C:37]1([H:66])[H:67])([H:51])[H:52])[H:41])([H:38])([H:39])[H:40],"[[1,2,3,4,5,6,7,8,9,10,11,12,13,14,15,16,17,18,19,20,21,22,23,24,25,26,27,28,29,30,31,32,33,34,35,36,37,38,39,40,41,42,43,44,45,46,47,48,49,50,51,52,53,54,55,56,57,58,59,60,61,62,63,64,65,66,67]]",14.0
80,80,80,[C:1]([c:2]1[c:3]([H:36])[c:4]([H:37])[c:5]([H:38])[c:6]([H:39])[c:7]1[C:8]([C:9]([O:10][C:11]([C:12]([C:13]([S:14](=[O:15])(=[O:16])[C:17]([C:18]([N:19]([C:20]([C:21]([c:22]1[c:23]([H:59])[c:24]([H:60])[c:25]([O:26][H:61])[c:27]2[c:32]1[S:31][C:29]([O:30][H:62])=[N:28]2)([H:57])[H:58])([H:55])[H:56])[H:54])([H:52])[H:53])([H:50])[H:51])([H:48])[H:49])([H:46])[H:47])([H:44])[H:45])([H:42])[H:43])([H:40])[H:41])([H:33])([H:34])[H:35],"[[1,2,3,4,5,6,7,8,9,10,11,12,13,14,15,16,17,18,19,20,21,22,23,24,25,26,27,28,29,30,31,32,33,34,35,36,37,38,39,40,41,42,43,44,45,46,47,48,49,50,51,52,53,54,55,56,57,58,59,60,61,62]]",150.0
81,81,81,[O:1]=[S:2](=[O:3])([C:4]([C:5]([C:6]([O:7][C:8]([C:9]([c:10]1[c:11]([H:42])[c:12]([H:43])[c:13]([H:44])[c:14]([H:45])[c:15]1[H:46])([H:40])[H:41])([H:38])[H:39])([H:36])[H:37])([H:34])[H:35])([H:32])[H:33])[C:16]([C:17]([N:18]([C:19]([C:20]([c:21]1[c:22]([H:56])[c:23]([H:57])[c:24]([O:25][H:58])[c:26]2[c:31]1[S:30][C:28]([O:29][H:59])=[N:27]2)([H:54])[H:55])([H:52])[H:53])[H:51])([H:49])[H:50])([H:47])[H:48],"[[1,2,3,4,5,6,7,8,9,10,11,12,13,14,15,16,17,18,19,20,21,22,23,24,25,26,27,28,29,30,31,32,33,34,35,36,37,38,39,40,41,42,43,44,45,46,47,48,49,50,51,52,53,54,55,56,57,58,59]]",111.0
82,82,82,[C:1]([S:2](=[O:3])(=[O:4])[N:5]([c:6]1[c:7]([H:41])[c:8]([H:42])[c:9]([C:10]([C:11]([O:12][C:13]([C:14]([C:15]([S:16](=[O:17])(=[O:18])[C:19]([C:20]([N:21]([C:22]([C:23]([c:24]2[c:25]([H:62])[c:26]([H:63])[c:27]([O:28][H:64])[c:29]3[c:34]2[S:33][C:31]([O:32][H:65])=[N:30]3)([H:60])[H:61])([H:58])[H:59])[H:57])([H:55])[H:56])([H:53])[H:54])([H:51])[H:52])([H:49])[H:50])([H:47])[H:48])([H:45])[H:46])([H:43])[H:44])[c:35]([H:66])[c:36]1[H:67])[H:40])([H:37])([H:38])[H:39],"[[1,2,3,4,5,6,7,8,9,10,11,12,13,14,15,16,17,18,19,20,21,22,23,24,25,26,27,28,29,30,31,32,33,34,35,36,37,38,39,40,41,42,43,44,45,46,47,48,49,50,51,52,53,54,55,56,57,58,59,60,61,62,63,64,65,66,67]]",28.0
83,83,83,[C:1]([C:2]([C:3](=[O:4])[N:5]([C:6]([C:7]1=[C:8]([H:31])[C:9]([H:32])=[C:10]([H:33])[S:11]1)([c:12]1[c:13]([H:34])[c:14]([Cl:15])[c:16]2[c:17]([H:35])[c:18]([H:36])[c:19]([H:37])[n:20][c:21]2[c:22]1[O:23][H:38])[H:30])[H:29])([H:27])[H:28])([H:24])([H:25])[H:26],"[[1,2,3,4,5,6,7,8,9,10,11,12,13,14,15,16,17,18,19,20,21,22,23,24,25,26,27,28,29,30,31,32,33,34,35,36,37,38]]",21.38
84,84,84,[C:1]([O:2][c:3]1[c:4]([H:37])[c:5]([H:38])[c:6]([H:39])[c:7]2[c:8]1[C:9]([N:10]([S:11](=[O:12])(=[O:13])[C:14]1=[C:15]([H:41])[C:16]([H:42])=[C:17]([Cl:18])[S:19]1)[H:40])=[N:20][N:21]2[C:22]([c:23]1[c:24]([H:45])[c:25]([H:46])[c:26]([H:47])[c:27]([C:28]([N:29]([C:30]([C:31]([H:51])([H:52])[H:53])=[O:32])[H:50])([H:48])[H:49])[c:33]1[H:54])([H:43])[H:44])([H:34])([H:35])[H:36],"[[1,2,3,4,5,6,7,8,9,10,11,12,13,14,15,16,17,18,19,20,21,22,23,24,25,26,27,28,29,30,31,32,33,34,35,36,37,38,39,40,41,42,43,44,45,46,47,48,49,50,51,52,53,54]]",44.0
85,85,85,[C:1]([O:2][c:3]1[c:4]([H:40])[c:5]([H:41])[c:6]([H:42])[c:7]2[c:8]1[C:9]([N:10]([S:11](=[O:12])(=[O:13])[C:14]1=[C:15]([H:44])[C:16]([H:45])=[C:17]([Cl:18])[S:19]1)[H:43])=[N:20][N:21]2[C:22]([c:23]1[c:24]([H:48])[c:25]([H:49])[c:26]([H:50])[c:27]([C:28]([N:29]([C:30](=[O:31])[C:32]([C:33]([H:54])([H:55])[H:56])([C:34]([H:57])([H:58])[H:59])[O:35][H:60])[H:53])([H:51])[H:52])[c:36]1[H:61])([H:46])[H:47])([H:37])([H:38])[H:39],"[[1,2,3,4,5,6,7,8,9,10,11,12,13,14,15,16,17,18,19,20,21,22,23,24,25,26,27,28,29,30,31,32,33,34,35,36,37,38,39,40,41,42,43,44,45,46,47,48,49,50,51,52,53,54,55,56,57,58,59,60,61]]",50.0
86,86,86,[C:1]([c:2]1[c:3]([H:39])[c:4]([C:5]([C:6]([C:7]([N+:8]23[C:9]([H:46])([H:47])[C:10]([H:48])([H:49])[C:11]([H:50])([C:12]([H:51])([H:52])[C:13]2([H:53])[H:54])[C@:14]([O:15][C:16](=[O:17])[C@:18]([C:19]([H:56])([H:57])[H:58])([c:20]2[c:21]([H:59])[c:22]([H:60])[c:23]([H:61])[c:24]([H:62])[c:25]2[H:63])[N:26]2[C:27]([H:64])([H:65])[C:28]([H:66])([H:67])[C:29]([H:68])([H:69])[C:30]([H:70])([H:71])[C:31]2([H:72])[H:73])([H:55])[C:32]3([H:74])[H:75])([H:44])[H:45])([H:42])[H:43])([H:40])[H:41])[c:33]([H:76])[c:34]([H:77])[n:35]1)([H:36])([H:37])[H:38],"[[1,2,3,4,5,6,7,8,9,10,11,12,13,14,15,16,17,18,19,20,21,22,23,24,25,26,27,28,29,30,31,32,33,34,35,36,37,38,39,40,41,42,43,44,45,46,47,48,49,50,51,52,53,54,55,56,57,58,59,60,61,62,63,64,65,66,67,68,69,70,71,72,73,74,75,76,77]]",81.0
87,87,87,[C:1]([C@@:2]([C:3](=[O:4])[O:5][C@@:6]1([H:38])[C:7]([H:39])([H:40])[N+:8]2([C:9]([C:10]([C:11]([c:12]3[c:13]([H:47])[c:14]([H:48])[n:15][c:16]([H:49])[c:17]3[H:50])([H:45])[H:46])([H:43])[H:44])([H:41])[H:42])[C:18]([H:51])([H:52])[C:19]([H:53])([H:54])[C:20]1([H:55])[C:21]([H:56])([H:57])[C:22]2([H:58])[H:59])([c:23]1[c:24]([H:60])[c:25]([H:61])[c:26]([H:62])[c:27]([H:63])[c:28]1[H:64])[N:29]1[C:30]([H:65])([H:66])[C:31]([H:67])([H:68])[C:32]([H:69])([H:70])[C:33]([H:71])([H:72])[C:34]1([H:73])[H:74])([H:35])([H:36])[H:37],"[[1,2,3,4,5,6,7,8,9,10,11,12,13,14,15,16,17,18,19,20,21,22,23,24,25,26,27,28,29,30,31,32,33,34,35,36,37,38,39,40,41,42,43,44,45,46,47,48,49,50,51,52,53,54,55,56,57,58,59,60,61,62,63,64,65,66,67,68,69,70,71,72,73,74]]",45.0
88,88,88,[C:1]([C:2]([C:3]([H:35])([H:36])[H:37])=[C:4]([C:5]([C:6]([N+:7]12[C:8]([H:43])([H:44])[C:9]([H:45])([H:46])[C:10]([H:47])([C:11]([H:48])([H:49])[C:12]1([H:50])[H:51])[C@:13]([O:14][C:15](=[O:16])[C@:17]([C:18]([H:53])([H:54])[H:55])([c:19]1[c:20]([H:56])[c:21]([H:57])[c:22]([H:58])[c:23]([H:59])[c:24]1[H:60])[N:25]1[C:26]([H:61])([H:62])[C:27]([H:63])([H:64])[C:28]([H:65])([H:66])[C:29]([H:67])([H:68])[C:30]1([H:69])[H:70])([H:52])[C:31]2([H:71])[H:72])([H:41])[H:42])([H:39])[H:40])[H:38])([H:32])([H:33])[H:34],"[[1,2,3,4,5,6,7,8,9,10,11,12,13,14,15,16,17,18,19,20,21,22,23,24,25,26,27,28,29,30,31,32,33,34,35,36,37,38,39,40,41,42,43,44,45,46,47,48,49,50,51,52,53,54,55,56,57,58,59,60,61,62,63,64,65,66,67,68,69,70,71,72]]",56.0
89,89,89,[C:1]([C:2]([N:3]([C:4](=[O:5])[C:6]([c:7]1[c:8]([H:51])[c:9]([H:52])[c:10]([S:11]([C:12]([H:53])([H:54])[H:55])(=[O:13])=[O:14])[c:15]([H:56])[c:16]1[H:57])([H:49])[H:50])[C:17]1([H:58])[C:18]([H:59])([H:60])[C:19]([H:61])([H:62])[N:20]([C:21]([C:22]([C@@:23]([c:24]2[c:25]([H:68])[c:26]([C:27]([H:69])([H:70])[H:71])[c:28]([H:72])[c:29]([C:30]([H:73])([H:74])[H:75])[c:31]2[H:76])([C:32]2([H:77])[C:33]([H:78])([H:79])[C:34]([H:80])([H:81])[N:35]([S:36]([C:37]([H:82])([H:83])[H:84])(=[O:38])=[O:39])[C:40]([H:85])([H:86])[C:41]2([H:87])[H:88])[H:67])([H:65])[H:66])([H:63])[H:64])[C:42]([H:89])([H:90])[C:43]1([H:91])[H:92])([H:47])[H:48])([H:44])([H:45])[H:46],"[[1,2,3,4,5,6,7,8,9,10,11,12,13,14,15,16,17,18,19,20,21,22,23,24,25,26,27,28,29,30,31,32,33,34,35,36,37,38,39,40,41,42,43,44,45,46,47,48,49,50,51,52,53,54,55,56,57,58,59,60,61,62,63,64,65,66,67,68,69,70,71,72,73,74,75,76,77,78,79,80,81,82,83,84,85,86,87,88,89,90,91,92]]",150.0
90,90,90,[C:1]([C:2]([N:3]([C:4](=[O:5])[C:6]([c:7]1[c:8]([H:53])[c:9]([H:54])[c:10]([S:11]([C:12]([H:55])([H:56])[H:57])(=[O:13])=[O:14])[c:15]([H:58])[c:16]1[H:59])([H:51])[H:52])[C:17]1([H:60])[C:18]([H:61])([H:62])[C:19]([H:63])([H:64])[N:20]([C:21]([C:22]([C@@:23]([c:24]2[c:25]([H:70])[c:26]([H:71])[c:27]([H:72])[c:28]([C:29]([F:30])([F:31])[F:32])[c:33]2[H:73])([C:34]2([H:74])[C:35]([H:75])([H:76])[C:36]([H:77])([H:78])[N:37]([S:38]([C:39]([H:79])([H:80])[H:81])(=[O:40])=[O:41])[C:42]([H:82])([H:83])[C:43]2([H:84])[H:85])[H:69])([H:67])[H:68])([H:65])[H:66])[C:44]([H:86])([H:87])[C:45]1([H:88])[H:89])([H:49])[H:50])([H:46])([H:47])[H:48],"[[1,2,3,4,5,6,7,8,9,10,11,12,13,14,15,16,17,18,19,20,21,22,23,24,25,26,27,28,29,30,31,32,33,34,35,36,37,38,39,40,41,42,43,44,45,46,47,48,49,50,51,52,53,54,55,56,57,58,59,60,61,62,63,64,65,66,67,68,69,70,71,72,73,74,75,76,77,78,79,80,81,82,83,84,85,86,87,88,89]]",17.33
91,91,91,[C:1]([C:2]([N:3]([C:4](=[O:5])[C:6]([c:7]1[c:8]([H:51])[c:9]([H:52])[c:10]([S:11]([C:12]([H:53])([H:54])[H:55])(=[O:13])=[O:14])[c:15]([H:56])[c:16]1[H:57])([H:49])[H:50])[C:17]1([H:58])[C:18]([H:59])([H:60])[C:19]([H:61])([H:62])[N:20]([C:21]([C:22]([C@@:23]([c:24]2[c:25]([H:68])[c:26]([Cl:27])[c:28]([H:69])[c:29]([Cl:30])[c:31]2[H:70])([C:32]2([H:71])[C:33]([H:72])([H:73])[C:34]([H:74])([H:75])[N:35]([S:36]([C:37]([H:76])([H:77])[H:78])(=[O:38])=[O:39])[C:40]([H:79])([H:80])[C:41]2([H:81])[H:82])[H:67])([H:65])[H:66])([H:63])[H:64])[C:42]([H:83])([H:84])[C:43]1([H:85])[H:86])([H:47])[H:48])([H:44])([H:45])[H:46],"[[1,2,3,4,5,6,7,8,9,10,11,12,13,14,15,16,17,18,19,20,21,22,23,24,25,26,27,28,29,30,31,32,33,34,35,36,37,38,39,40,41,42,43,44,45,46,47,48,49,50,51,52,53,54,55,56,57,58,59,60,61,62,63,64,65,66,67,68,69,70,71,72,73,74,75,76,77,78,79,80,81,82,83,84,85,86]]",17.5
92,92,92,[C:1]([C:2]([N:3]([C:4](=[O:5])[C:6]([c:7]1[c:8]([H:49])[c:9]([H:50])[c:10]([S:11]([C:12]([H:51])([H:52])[H:53])(=[O:13])=[O:14])[c:15]([H:54])[c:16]1[H:55])([H:47])[H:48])[C:17]1([H:56])[C:18]([H:57])([H:58])[C:19]([H:59])([H:60])[N:20]([C:21]([C:22]([C@@:23]([c:24]2[c:25]([H:66])[c:26]([H:67])[c:27]([H:68])[c:28]([H:69])[c:29]2[H:70])([C:30]2([H:71])[C:31]([H:72])([H:73])[C:32]([H:74])([H:75])[N:33]([S:34]([C:35]([H:76])([H:77])[H:78])(=[O:36])=[O:37])[C:38]([H:79])([H:80])[C:39]2([H:81])[H:82])[H:65])([H:63])[H:64])([H:61])[H:62])[C:40]([H:83])([H:84])[C:41]1([H:85])[H:86])([H:45])[H:46])([H:42])([H:43])[H:44],"[[1,2,3,4,5,6,7,8,9,10,11,12,13,14,15,16,17,18,19,20,21,22,23,24,25,26,27,28,29,30,31,32,33,34,35,36,37,38,39,40,41,42,43,44,45,46,47,48,49,50,51,52,53,54,55,56,57,58,59,60,61,62,63,64,65,66,67,68,69,70,71,72,73,74,75,76,77,78,79,80,81,82,83,84,85,86]]",30.5
93,93,93,[C:1]([C:2]([N:3]([C:4](=[O:5])[C:6]([c:7]1[c:8]([H:52])[c:9]([H:53])[c:10]([S:11]([C:12]([H:54])([H:55])[H:56])(=[O:13])=[O:14])[c:15]([H:57])[c:16]1[H:58])([H:50])[H:51])[C:17]1([H:59])[C:18]([H:60])([H:61])[C:19]([H:62])([H:63])[N:20]([C:21]([C:22]([C@@:23]([c:24]2[c:25]([H:69])[c:26]([H:70])[c:27]([H:71])[c:28]([H:72])[c:29]2[H:73])([C:30]2([H:74])[C:31]([H:75])([H:76])[C:32]([H:77])([H:78])[N:33]([S:34](=[O:35])(=[O:36])[C:37]([F:38])([F:39])[F:40])[C:41]([H:79])([H:80])[C:42]2([H:81])[H:82])[H:68])([H:66])[H:67])([H:64])[H:65])[C:43]([H:83])([H:84])[C:44]1([H:85])[H:86])([H:48])[H:49])([H:45])([H:46])[H:47],"[[1,2,3,4,5,6,7,8,9,10,11,12,13,14,15,16,17,18,19,20,21,22,23,24,25,26,27,28,29,30,31,32,33,34,35,36,37,38,39,40,41,42,43,44,45,46,47,48,49,50,51,52,53,54,55,56,57,58,59,60,61,62,63,64,65,66,67,68,69,70,71,72,73,74,75,76,77,78,79,80,81,82,83,84,85,86]]",27.5
94,94,94,[C:1]([C:2]1=[N:27][O:26][C:4]([C:5]([C:6]([C:7]([O:8][c:9]2[c:10]([C:11]([H:38])([H:39])[H:40])[c:12]([H:41])[c:13]([C:14]3=[N:15][O:16][C:17]([C:18]([F:19])([F:20])[F:21])=[N:22]3)[c:23]([H:42])[c:24]2[C:25]([H:43])([H:44])[H:45])([H:36])[H:37])([H:34])[H:35])([H:32])[H:33])=[C:3]1[H:31])([H:28])([H:29])[H:30],"[[1,2,3,4,5,6,7,8,9,10,11,12,13,14,15,16,17,18,19,20,21,22,23,24,25,26,27,28,29,30,31,32,33,34,35,36,37,38,39,40,41,42,43,44,45]]",14.45
95,95,95,[C:1]([C:2]([C:3](=[O:4])[N:5]([C@@:6]1([H:36])[C:7]([H:37])([H:38])[C:8]([H:39])([H:40])[C@:9]([C:10](=[O:11])[N:12]([C:13]([H:42])([H:43])[H:44])[c:14]2[c:15]([H:45])[c:16]([H:46])[c:17]([C:18]3=[N:19][c:20]4[c:21]([H:47])[c:22]([H:48])[c:23]([H:49])[c:24]([H:50])[c:25]4[O:26]3)[c:27]([H:51])[c:28]2[H:52])([H:41])[C:29]1([H:53])[H:54])[H:35])([H:33])[H:34])([H:30])([H:31])[H:32],"[[1,2,3,4,5,6,7,8,9,10,11,12,13,14,15,16,17,18,19,20,21,22,23,24,25,26,27,28,29,30,31,32,33,34,35,36,37,38,39,40,41,42,43,44,45,46,47,48,49,50,51,52,53,54]]",10.96
96,96,96,[C:1]([C:2]([O:3][c:4]1[c:5]([H:51])[c:6]([H:52])[c:7]([N:8]2[C:9]([C@@:10]([C:11]([H:54])([H:55])[H:56])([N:12]([C:13]([C:14]3([H:59])[C:15]([H:60])([H:61])[C:16]([H:62])([H:63])[N:17]([C:18]([H:64])([H:65])[H:66])[C:19]([H:67])([H:68])[C:20]3([H:69])[H:70])([H:57])[H:58])[C:21](=[O:22])[C:23]([c:24]3[c:25]([H:73])[c:26]([H:74])[c:27]([F:28])[c:29]([C:30]([F:31])([F:32])[F:33])[c:34]3[H:75])([H:71])[H:72])[H:53])=[N:35][c:36]3[n:37][c:38]([H:76])[c:39]([H:77])[c:40]([H:78])[c:41]3[C:42]2=[O:43])[c:44]([H:79])[c:45]1[H:80])([H:49])[H:50])([H:46])([H:47])[H:48],"[[1,2,3,4,5,6,7,8,9,10,11,12,13,14,15,16,17,18,19,20,21,22,23,24,25,26,27,28,29,30,31,32,33,34,35,36,37,38,39,40,41,42,43,44,45,46,47,48,49,50,51,52,53,54,55,56,57,58,59,60,61,62,63,64,65,66,67,68,69,70,71,72,73,74,75,76,77,78,79,80]]",21.38
97,97,97,[C:1]([C:2]([N:3]([C:4]([C:5]([H:31])([H:32])[H:33])([H:29])[H:30])[C:6]([C:7]([N:8]1[c:9]2[c:10]([H:38])[c:11]([H:39])[c:12]([H:40])[c:13]([H:41])[c:14]2-[c:15]2[c:16]([H:42])[n:17][c:18]([N:19]([H:43])[H:44])[c:20]([C:21]#[N:22])[c:23]21)([H:36])[H:37])([H:34])[H:35])([H:27])[H:28])([H:24])([H:25])[H:26],"[[1,2,3,4,5,6,7,8,9,10,11,12,13,14,15,16,17,18,19,20,21,22,23,24,25,26,27,28,29,30,31,32,33,34,35,36,37,38,39,40,41,42,43,44]]",71.0
98,98,98,[C:1]([S:2](=[O:3])(=[O:4])[N:5]1[C:6]([H:39])([H:40])[C:7]([H:41])([H:42])[N:8]([C:9]([C:10]2=[C:11]([H:45])[c:12]3[n:13][c:14](-[c:15]4[c:16]([H:46])[c:17]([H:47])[c:18]([H:48])[c:19]5[c:23]4[C:22]([H:50])=[N:21][N:20]5[H:49])[n:24][c:25]([N:26]4[C:27]([H:51])([H:52])[C:28]([H:53])([H:54])[O:29][C:30]([H:55])([H:56])[C:31]4([H:57])[H:58])[c:32]3[S:33]2)([H:43])[H:44])[C:34]([H:59])([H:60])[C:35]1([H:61])[H:62])([H:36])([H:37])[H:38],"[[1,2,3,4,5,6,7,8,9,10,11,12,13,14,15,16,17,18,19,20,21,22,23,24,25,26,27,28,29,30,31,32,33,34,35,36,37,38,39,40,41,42,43,44,45,46,47,48,49,50,51,52,53,54,55,56,57,58,59,60,61,62]]",14.79
99,99,99,[C:1]([C:2]([N:3]([C:4](=[O:5])[C:6]([c:7]1[c:8]([H:51])[c:9]([H:52])[c:10]([S:11]([C:12]([H:53])([H:54])[H:55])(=[O:13])=[O:14])[c:15]([H:56])[c:16]1[H:57])([H:49])[H:50])[C:17]1([H:58])[C:18]([H:59])([H:60])[C:19]([H:61])([H:62])[N:20]([C:21]([C:22]([C@@:23]([c:24]2[c:25]([H:68])[c:26]([F:27])[c:28]([H:69])[c:29]([F:30])[c:31]2[H:70])([N:32]2[C:33]([H:71])([H:72])[C:34]([H:73])([H:74])[N:35]([S:36]([C:37]([H:75])([H:76])[H:77])(=[O:38])=[O:39])[C:40]([H:78])([H:79])[C:41]2([H:80])[H:81])[H:67])([H:65])[H:66])([H:63])[H:64])[C:42]([H:82])([H:83])[C:43]1([H:84])[H:85])([H:47])[H:48])([H:44])([H:45])[H:46],"[[1,2,3,4,5,6,7,8,9,10,11,12,13,14,15,16,17,18,19,20,21,22,23,24,25,26,27,28,29,30,31,32,33,34,35,36,37,38,39,40,41,42,43,44,45,46,47,48,49,50,51,52,53,54,55,56,57,58,59,60,61,62,63,64,65,66,67,68,69,70,71,72,73,74,75,76,77,78,79,80,81,82,83,84,85]]",7.5
100,100,100,[C:1]([C:2]([N:3]([C:4](=[O:5])[C:6]([c:7]1[c:8]([H:52])[c:9]([H:53])[c:10]([S:11]([C:12]([H:54])([H:55])[H:56])(=[O:13])=[O:14])[c:15]([H:57])[c:16]1[H:58])([H:50])[H:51])[C:17]1([H:59])[C:18]([H:60])([H:61])[C:19]([H:62])([H:63])[N:20]([C:21]([C:22]([C@@:23]([c:24]2[c:25]([H:69])[c:26]([H:70])[c:27]([H:71])[c:28]([H:72])[c:29]2[H:73])([N:30]2[C:31]([H:74])([H:75])[C:32]([H:76])([H:77])[N:33]([S:34](=[O:35])(=[O:36])[C:37]([F:38])([F:39])[F:40])[C:41]([H:78])([H:79])[C:42]2([H:80])[H:81])[H:68])([H:66])[H:67])([H:64])[H:65])[C:43]([H:82])([H:83])[C:44]1([H:84])[H:85])([H:48])[H:49])([H:45])([H:46])[H:47],"[[1,2,3,4,5,6,7,8,9,10,11,12,13,14,15,16,17,18,19,20,21,22,23,24,25,26,27,28,29,30,31,32,33,34,35,36,37,38,39,40,41,42,43,44,45,46,47,48,49,50,51,52,53,54,55,56,57,58,59,60,61,62,63,64,65,66,67,68,69,70,71,72,73,74,75,76,77,78,79,80,81,82,83,84,85]]",18.0
101,101,101,[O:1]=[C:2]([N:3]([C:4]([C@@:5]([O:6][H:37])([C:7]([N:8]1[C:9]([H:40])([H:41])[C:10]([H:42])([H:43])[C:11]([O:12][c:13]2[c:14]([H:45])[c:15]([H:46])[c:16]([Cl:17])[c:18]([Cl:19])[c:20]2[H:47])([H:44])[C:21]([H:48])([H:49])[C:22]1([H:50])[H:51])([H:38])[H:39])[H:36])([H:34])[H:35])[H:33])[N:23]1[C:24](=[O:25])[N:26]([H:52])[c:27]2[c:28]([H:53])[c:29]([H:54])[c:30]([H:55])[c:31]([H:56])[c:32]21,"[[1,2,3,4,5,6,7,8,9,10,11,12,13,14,15,16,17,18,19,20,21,22,23,24,25,26,27,28,29,30,31,32,33,34,35,36,37,38,39,40,41,42,43,44,45,46,47,48,49,50,51,52,53,54,55,56]]",3.0
102,102,102,[C:1]([N:2]1[C:3]([c:4]2[c:5]([H:40])[c:6]([H:41])[c:7]([H:42])[c:8]([H:43])[c:9]2[C:10]([F:11])([F:12])[F:13])=[N:14][N:15]=[C:16]1[C:17]12[C:18]([H:44])([H:45])[C:19]([H:46])([H:47])[C:20]([C:21]3=[N:22][O:23][C:24]([c:25]4[c:26]([H:48])[c:27]([H:49])[c:28]([F:29])[c:30]([H:50])[c:31]4[H:51])=[N:32]3)([C:33]([H:52])([H:53])[C:34]1([H:54])[H:55])[C:35]([H:56])([H:57])[C:36]2([H:58])[H:59])([H:37])([H:38])[H:39],"[[1,2,3,4,5,6,7,8,9,10,11,12,13,14,15,16,17,18,19,20,21,22,23,24,25,26,27,28,29,30,31,32,33,34,35,36,37,38,39,40,41,42,43,44,45,46,47,48,49,50,51,52,53,54,55,56,57,58,59]]",3.0
103,103,103,[C:1]([C:2](=[O:3])[N:4]([c:5]1[c:6]([H:36])[c:7]([H:37])[c:8]([O:9][H:38])[c:10]([H:39])[c:11]1[O:12][C:13]([C@@:14]([O:15][H:43])([C:16]([N:17]1[C:18]([H:46])([H:47])[C:19]([H:48])([H:49])[C:20]2([C:21]([H:50])([H:51])[C:22]1([H:52])[H:53])[C:23]([H:54])([H:55])[c:24]1[c:25]([H:56])[c:26]([F:27])[c:28]([H:57])[c:29]([H:58])[c:30]1[O:31]2)([H:44])[H:45])[H:42])([H:40])[H:41])[H:35])([H:32])([H:33])[H:34],"[[1,2,3,4,5,6,7,8,9,10,11,12,13,14,15,16,17,18,19,20,21,22,23,24,25,26,27,28,29,30,31,32,33,34,35,36,37,38,39,40,41,42,43,44,45,46,47,48,49,50,51,52,53,54,55,56,57,58]]",3.0
104,104,104,[C:1]([C:2](=[O:3])[N:4]([c:5]1[c:6]([H:36])[c:7]([H:37])[c:8]([O:9][H:38])[c:10]([H:39])[c:11]1[O:12][C:13]([C@@:14]([O:15][H:43])([C:16]([N:17]1[C:18]([H:46])([H:47])[C:19]([H:48])([H:49])[C:20]2([C:21]([H:50])([H:51])[C:22]1([H:52])[H:53])[C:23]([H:54])([H:55])[c:24]1[c:25]([H:56])[c:26]([Cl:27])[c:28]([H:57])[c:29]([H:58])[c:30]1[O:31]2)([H:44])[H:45])[H:42])([H:40])[H:41])[H:35])([H:32])([H:33])[H:34],"[[1,2,3,4,5,6,7,8,9,10,11,12,13,14,15,16,17,18,19,20,21,22,23,24,25,26,27,28,29,30,31,32,33,34,35,36,37,38,39,40,41,42,43,44,45,46,47,48,49,50,51,52,53,54,55,56,57,58]]",8.0
105,105,105,[O:1]=[C:2]([N:3]([c:4]1[c:5]([Cl:6])[c:7]([H:28])[n:8][c:9]([H:29])[c:10]1[Cl:11])[H:27])[c:12]1[c:13]([H:30])[c:14]([H:31])[c:15]([O:16][C:17]([F:18])([F:19])[H:32])[c:20]([O:21][C:22]([C:23]2([H:35])[C:24]([H:36])([H:37])[C:25]2([H:38])[H:39])([H:33])[H:34])[c:26]1[H:40],"[[1,2,3,4,5,6,7,8,9,10,11,12,13,14,15,16,17,18,19,20,21,22,23,24,25,26,27,28,29,30,31,32,33,34,35,36,37,38,39,40]]",5.0
106,106,106,[O:1]=[C:2]([N:3]([C:4]([C:5]12[C:6]([H:35])([H:36])[C:7]3([H:37])[C:8]([H:38])([H:39])[C:9]([H:40])([C:10]([H:41])([H:42])[C:11]([H:43])([C:12]3([H:44])[H:45])[C:13]1([H:46])[H:47])[C:14]2([H:48])[H:49])([H:33])[H:34])[H:32])[c:15]1[c:16]([H:50])[c:17]([C:18]([N:19]2[C:20]([H:53])([H:54])[C:21]3([H:55])[C:22]([H:56])([H:57])[N:23]([H:58])[C:24]([H:59])([H:60])[C:25]([H:61])([C:26]2([H:62])[H:63])[O:27]3)([H:51])[H:52])[c:28]([H:64])[c:29]([H:65])[c:30]1[Cl:31],"[[1,2,3,4,5,6,7,8,9,10,11,12,13,14,15,16,17,18,19,20,21,22,23,24,25,26,27,28,29,30,31,32,33,34,35,36,37,38,39,40,41,42,43,44,45,46,47,48,49,50,51,52,53,54,55,56,57,58,59,60,61,62,63,64,65]]",15.0
107,107,107,[C:1]([c:2]1[c:3]([H:32])[c:4]([F:5])[c:6]([H:33])[c:7]([H:34])[c:8]1[N:9]1[N:10]=[C:11]([C:12]([F:13])([F:14])[F:15])[C:16]([H:35])=[C:17]1[c:18]1[c:19]([H:36])[c:20]([H:37])[c:21]2[c:22]([c:23]1[H:38])[N:24]([H:39])[C:25](=[O:26])[C:27]([H:40])([H:41])[O:28]2)([H:29])([H:30])[H:31],"[[1,2,3,4,5,6,7,8,9,10,11,12,13,14,15,16,17,18,19,20,21,22,23,24,25,26,27,28,29,30,31,32,33,34,35,36,37,38,39,40,41]]",14.45
108,108,108,[O:1]=[S:2](=[O:3])([N:4]([C:5]1=[N:6][C:7]([c:8]2[c:9]([H:30])[c:10]([H:31])[c:11]([H:32])[c:12]([H:33])[c:13]2[H:34])=[N:14][N:15]1[C:16]([c:17]1[c:18]([H:37])[c:19]([H:38])[c:20]([H:39])[c:21]([H:40])[c:22]1[H:41])([H:35])[H:36])[H:29])[c:23]1[c:24]([H:42])[c:25]([H:43])[c:26]([H:44])[c:27]([H:45])[c:28]1[H:46],"[[1,2,3,4,5,6,7,8,9,10,11,12,13,14,15,16,17,18,19,20,21,22,23,24,25,26,27,28,29,30,31,32,33,34,35,36,37,38,39,40,41,42,43,44,45,46]]",5.0
109,109,109,[C:1]([C:2]1=[N:3][N:4]([c:5]2[c:6]([H:32])[c:7]([H:33])[c:8]([H:34])[c:9]([H:35])[c:10]2[H:36])[C:11]([N:12]([C:13](=[O:14])[N:15]([S:16](=[O:17])(=[O:18])[c:19]2[c:20]([H:39])[c:21]([H:40])[c:22]([Cl:23])[c:24]([H:41])[c:25]2[H:42])[H:38])[H:37])=[C:26]1[C:27]#[N:28])([H:29])([H:30])[H:31],"[[1,2,3,4,5,6,7,8,9,10,11,12,13,14,15,16,17,18,19,20,21,22,23,24,25,26,27,28,29,30,31,32,33,34,35,36,37,38,39,40,41,42]]",3.0
110,110,110,[C:1]([C:2]([O:3][C:4](=[O:5])[N:6]([c:7]1[c:8]([H:31])[c:9]2[c:10]([c:11]([N:12]([H:32])[H:33])[n:13]1)[N:14]=[C:15]([c:16]1[c:17]([H:34])[c:18]([H:35])[c:19]([H:36])[c:20]([H:37])[c:21]1[H:38])[C:22]([H:39])([H:40])[C:23]([H:41])([H:42])[N:24]2[H:43])[H:30])([H:28])[H:29])([H:25])([H:26])[H:27],"[[1,2,3,4,5,6,7,8,9,10,11,12,13,14,15,16,17,18,19,20,21,22,23,24,25,26,27,28,29,30,31,32,33,34,35,36,37,38,39,40,41,42,43]]",66.07
